transaction_id,customer_id,date,event_type,plan,mrr_amount,usage_score,support_tickets,country
TX-CUST-00136-00,CUST-00136,2024-01-04,NEW_SIGNUP,Enterprise,899.0,95.1,0,Canada
TX-CUST-00274-00,CUST-00274,2024-01-04,NEW_SIGNUP,Starter,49.0,46.5,2,Australia
TX-CUST-00091-00,CUST-00091,2024-01-04,NEW_SIGNUP,Starter,49.0,84.5,2,USA
TX-CUST-00200-00,CUST-00200,2024-01-05,NEW_SIGNUP,Professional,199.0,87.5,1,USA
TX-CUST-00111-00,CUST-00111,2024-01-05,NEW_SIGNUP,Enterprise,899.0,86.8,2,Australia
TX-CUST-00096-00,CUST-00096,2024-01-06,NEW_SIGNUP,Starter,49.0,58.5,1,USA
TX-CUST-00187-00,CUST-00187,2024-01-07,NEW_SIGNUP,Starter,49.0,59.0,1,India
TX-CUST-00230-00,CUST-00230,2024-01-07,NEW_SIGNUP,Professional,199.0,72.4,1,India
TX-CUST-00292-00,CUST-00292,2024-01-07,NEW_SIGNUP,Starter,49.0,64.4,1,Australia
TX-CUST-00005-00,CUST-00005,2024-01-08,NEW_SIGNUP,Enterprise,899.0,84.5,0,Australia
TX-CUST-00023-00,CUST-00023,2024-01-08,NEW_SIGNUP,Professional,199.0,68.7,1,India
TX-CUST-00210-00,CUST-00210,2024-01-08,NEW_SIGNUP,Starter,49.0,71.6,2,Canada
TX-CUST-00281-00,CUST-00281,2024-01-09,NEW_SIGNUP,Starter,49.0,53.0,0,India
TX-CUST-00272-00,CUST-00272,2024-01-09,NEW_SIGNUP,Enterprise,899.0,97.3,1,Canada
TX-CUST-00151-00,CUST-00151,2024-01-09,NEW_SIGNUP,Professional,199.0,59.6,2,Germany
TX-CUST-00145-00,CUST-00145,2024-01-09,NEW_SIGNUP,Enterprise,899.0,82.1,1,UK
TX-CUST-00188-00,CUST-00188,2024-01-10,NEW_SIGNUP,Professional,199.0,89.9,2,Canada
TX-CUST-00067-00,CUST-00067,2024-01-11,NEW_SIGNUP,Starter,49.0,59.6,0,India
TX-CUST-00299-00,CUST-00299,2024-01-11,NEW_SIGNUP,Enterprise,899.0,96.5,1,UK
TX-CUST-00031-00,CUST-00031,2024-01-11,NEW_SIGNUP,Enterprise,899.0,69.5,2,India
TX-CUST-00282-00,CUST-00282,2024-01-12,NEW_SIGNUP,Starter,49.0,66.2,0,UK
TX-CUST-00209-00,CUST-00209,2024-01-12,NEW_SIGNUP,Professional,199.0,49.6,2,Australia
TX-CUST-00089-00,CUST-00089,2024-01-12,NEW_SIGNUP,Enterprise,899.0,63.4,0,Germany
TX-CUST-00058-00,CUST-00058,2024-01-14,NEW_SIGNUP,Professional,199.0,70.8,0,USA
TX-CUST-00269-00,CUST-00269,2024-01-15,NEW_SIGNUP,Professional,199.0,50.9,0,India
TX-CUST-00266-00,CUST-00266,2024-01-17,NEW_SIGNUP,Professional,199.0,76.7,1,Canada
TX-CUST-00176-00,CUST-00176,2024-01-17,NEW_SIGNUP,Starter,49.0,77.3,0,Australia
TX-CUST-00026-00,CUST-00026,2024-01-18,NEW_SIGNUP,Professional,199.0,78.7,1,India
TX-CUST-00205-00,CUST-00205,2024-01-20,NEW_SIGNUP,Starter,49.0,56.5,2,Australia
TX-CUST-00018-00,CUST-00018,2024-01-20,NEW_SIGNUP,Professional,199.0,89.4,0,Canada
TX-CUST-00207-00,CUST-00207,2024-01-20,NEW_SIGNUP,Enterprise,899.0,65.0,1,USA
TX-CUST-00185-00,CUST-00185,2024-01-21,NEW_SIGNUP,Starter,49.0,75.7,1,Germany
TX-CUST-00068-00,CUST-00068,2024-01-23,NEW_SIGNUP,Professional,199.0,45.7,1,Canada
TX-CUST-00257-00,CUST-00257,2024-01-24,NEW_SIGNUP,Enterprise,899.0,67.1,2,Germany
TX-CUST-00011-00,CUST-00011,2024-01-24,NEW_SIGNUP,Starter,49.0,91.7,1,Germany
TX-CUST-00178-00,CUST-00178,2024-01-25,NEW_SIGNUP,Professional,199.0,91.3,0,India
TX-CUST-00271-00,CUST-00271,2024-01-25,NEW_SIGNUP,Professional,199.0,62.5,2,India
TX-CUST-00286-00,CUST-00286,2024-01-26,NEW_SIGNUP,Starter,49.0,56.7,2,USA
TX-CUST-00039-00,CUST-00039,2024-01-26,NEW_SIGNUP,Professional,199.0,62.8,2,India
TX-CUST-00033-00,CUST-00033,2024-01-26,NEW_SIGNUP,Professional,199.0,69.7,0,USA
TX-CUST-00070-00,CUST-00070,2024-01-26,NEW_SIGNUP,Starter,49.0,79.9,0,Australia
TX-CUST-00211-00,CUST-00211,2024-01-26,NEW_SIGNUP,Starter,49.0,45.2,0,India
TX-CUST-00247-00,CUST-00247,2024-01-28,NEW_SIGNUP,Enterprise,899.0,76.8,1,USA
TX-CUST-00190-00,CUST-00190,2024-01-28,NEW_SIGNUP,Professional,199.0,91.4,0,Canada
TX-CUST-00034-00,CUST-00034,2024-01-28,NEW_SIGNUP,Starter,49.0,90.6,2,Australia
TX-CUST-00214-00,CUST-00214,2024-01-31,NEW_SIGNUP,Enterprise,899.0,59.8,2,Australia
TX-CUST-00136-01,CUST-00136,2024-01-31,RENEWAL,Enterprise,899.0,93.1,1,India
TX-CUST-00104-00,CUST-00104,2024-01-31,NEW_SIGNUP,Professional,199.0,94.7,0,Canada
TX-CUST-00274-01,CUST-00274,2024-02-02,RENEWAL,Starter,49.0,84.6,1,India
TX-CUST-00200-01,CUST-00200,2024-02-03,RENEWAL,Professional,199.0,62.0,2,Canada
TX-CUST-00006-00,CUST-00006,2024-02-03,NEW_SIGNUP,Starter,49.0,76.8,0,USA
TX-CUST-00248-00,CUST-00248,2024-02-04,NEW_SIGNUP,Starter,49.0,94.6,2,Germany
TX-CUST-00091-01,CUST-00091,2024-02-04,RENEWAL,Starter,49.0,71.1,0,Canada
TX-CUST-00260-00,CUST-00260,2024-02-05,NEW_SIGNUP,Starter,49.0,49.1,1,USA
TX-CUST-00210-01,CUST-00210,2024-02-06,RENEWAL,Starter,49.0,74.9,0,Canada
TX-CUST-00111-01,CUST-00111,2024-02-06,RENEWAL,Enterprise,899.0,64.3,2,Germany
TX-CUST-00222-00,CUST-00222,2024-02-06,NEW_SIGNUP,Starter,49.0,85.1,1,UK
TX-CUST-00046-00,CUST-00046,2024-02-06,NEW_SIGNUP,Starter,49.0,73.0,2,USA
TX-CUST-00292-01,CUST-00292,2024-02-06,RENEWAL,Starter,49.0,96.7,2,India
TX-CUST-00187-01,CUST-00187,2024-02-07,RENEWAL,Starter,49.0,84.0,0,USA
TX-CUST-00023-01,CUST-00023,2024-02-07,RENEWAL,Professional,199.0,72.0,1,Canada
TX-CUST-00151-01,CUST-00151,2024-02-07,RENEWAL,Professional,199.0,93.2,2,Canada
TX-CUST-00096-01,CUST-00096,2024-02-07,RENEWAL,Starter,49.0,89.5,2,Canada
TX-CUST-00281-01,CUST-00281,2024-02-08,RENEWAL,Starter,49.0,55.1,0,Canada
TX-CUST-00188-01,CUST-00188,2024-02-08,RENEWAL,Professional,199.0,50.8,0,Germany
TX-CUST-00192-00,CUST-00192,2024-02-08,NEW_SIGNUP,Professional,199.0,66.7,1,Australia
TX-CUST-00283-00,CUST-00283,2024-02-08,NEW_SIGNUP,Enterprise,899.0,77.1,1,Australia
TX-CUST-00230-01,CUST-00230,2024-02-08,RENEWAL,Professional,199.0,58.2,0,Australia
TX-CUST-00155-00,CUST-00155,2024-02-08,NEW_SIGNUP,Starter,49.0,90.7,0,India
TX-CUST-00005-01,CUST-00005,2024-02-08,RENEWAL,Enterprise,899.0,74.7,1,Australia
TX-CUST-00294-00,CUST-00294,2024-02-08,NEW_SIGNUP,Professional,199.0,71.8,0,India
TX-CUST-00259-00,CUST-00259,2024-02-08,NEW_SIGNUP,Professional,199.0,95.7,2,USA
TX-CUST-00145-01,CUST-00145,2024-02-08,RENEWAL,Enterprise,899.0,84.7,1,India
TX-CUST-00272-01,CUST-00272,2024-02-09,RENEWAL,Enterprise,899.0,65.2,0,Australia
TX-CUST-00014-00,CUST-00014,2024-02-09,NEW_SIGNUP,Starter,49.0,59.7,1,Australia
TX-CUST-00166-00,CUST-00166,2024-02-09,NEW_SIGNUP,Starter,49.0,82.0,1,Canada
TX-CUST-00067-01,CUST-00067,2024-02-09,RENEWAL,Starter,49.0,46.8,1,USA
TX-CUST-00217-00,CUST-00217,2024-02-09,NEW_SIGNUP,Starter,49.0,97.7,0,UK
TX-CUST-00299-01,CUST-00299,2024-02-10,RENEWAL,Enterprise,899.0,91.9,0,UK
TX-CUST-00209-01,CUST-00209,2024-02-10,RENEWAL,Professional,199.0,91.5,0,Germany
TX-CUST-00031-01,CUST-00031,2024-02-10,RENEWAL,Enterprise,899.0,92.8,2,USA
TX-CUST-00089-01,CUST-00089,2024-02-10,RENEWAL,Enterprise,899.0,76.7,0,USA
TX-CUST-00282-01,CUST-00282,2024-02-10,RENEWAL,Starter,49.0,56.0,2,Germany
TX-CUST-00269-01,CUST-00269,2024-02-11,RENEWAL,Professional,199.0,86.5,0,Canada
TX-CUST-00028-00,CUST-00028,2024-02-14,NEW_SIGNUP,Professional,199.0,46.2,2,Canada
TX-CUST-00058-01,CUST-00058,2024-02-14,RENEWAL,Professional,199.0,59.4,1,Germany
TX-CUST-00141-00,CUST-00141,2024-02-15,NEW_SIGNUP,Starter,49.0,82.0,0,India
TX-CUST-00127-00,CUST-00127,2024-02-15,NEW_SIGNUP,Professional,199.0,91.1,1,Canada
TX-CUST-00026-01,CUST-00026,2024-02-15,RENEWAL,Professional,199.0,91.4,1,Germany
TX-CUST-00266-01,CUST-00266,2024-02-16,RENEWAL,Professional,199.0,70.0,2,USA
TX-CUST-00296-00,CUST-00296,2024-02-16,NEW_SIGNUP,Professional,199.0,69.0,1,Germany
TX-CUST-00149-00,CUST-00149,2024-02-17,NEW_SIGNUP,Starter,49.0,70.0,1,India
TX-CUST-00228-00,CUST-00228,2024-02-17,NEW_SIGNUP,Professional,199.0,46.1,0,Germany
TX-CUST-00059-00,CUST-00059,2024-02-17,NEW_SIGNUP,Professional,199.0,82.9,1,Australia
TX-CUST-00185-01,CUST-00185,2024-02-17,RENEWAL,Starter,49.0,98.2,1,Australia
TX-CUST-00180-00,CUST-00180,2024-02-18,NEW_SIGNUP,Starter,49.0,51.7,0,Australia
TX-CUST-00018-01,CUST-00018,2024-02-18,RENEWAL,Professional,199.0,83.2,1,UK
TX-CUST-00176-01,CUST-00176,2024-02-18,RENEWAL,Starter,49.0,82.0,1,Germany
TX-CUST-00170-00,CUST-00170,2024-02-18,NEW_SIGNUP,Starter,49.0,85.7,0,Germany
TX-CUST-00205-01,CUST-00205,2024-02-19,RENEWAL,Starter,49.0,53.6,0,Australia
TX-CUST-00068-01,CUST-00068,2024-02-19,RENEWAL,Professional,199.0,98.6,0,Australia
TX-CUST-00207-01,CUST-00207,2024-02-20,RENEWAL,Enterprise,899.0,65.2,1,Canada
TX-CUST-00211-01,CUST-00211,2024-02-23,RENEWAL,Starter,49.0,83.0,1,Australia
TX-CUST-00199-00,CUST-00199,2024-02-23,NEW_SIGNUP,Professional,199.0,73.5,2,Australia
TX-CUST-00237-00,CUST-00237,2024-02-24,NEW_SIGNUP,Enterprise,899.0,68.5,2,USA
TX-CUST-00276-00,CUST-00276,2024-02-24,NEW_SIGNUP,Starter,49.0,88.7,0,Germany
TX-CUST-00257-01,CUST-00257,2024-02-24,RENEWAL,Enterprise,899.0,45.6,1,UK
TX-CUST-00011-01,CUST-00011,2024-02-24,RENEWAL,Starter,49.0,62.9,0,USA
TX-CUST-00178-01,CUST-00178,2024-02-24,RENEWAL,Professional,199.0,98.0,1,India
TX-CUST-00034-01,CUST-00034,2024-02-24,RENEWAL,Starter,49.0,82.4,0,UK
TX-CUST-00054-00,CUST-00054,2024-02-24,NEW_SIGNUP,Starter,49.0,73.3,2,Australia
TX-CUST-00286-01,CUST-00286,2024-02-25,RENEWAL,Starter,49.0,64.0,0,USA
TX-CUST-00271-01,CUST-00271,2024-02-25,UPGRADE,Enterprise,899.0,93.4,0,Canada
TX-CUST-00252-00,CUST-00252,2024-02-25,NEW_SIGNUP,Professional,199.0,86.4,1,India
TX-CUST-00204-00,CUST-00204,2024-02-25,NEW_SIGNUP,Professional,199.0,52.5,1,Canada
TX-CUST-00167-00,CUST-00167,2024-02-26,NEW_SIGNUP,Starter,49.0,55.7,2,Germany
TX-CUST-00033-01,CUST-00033,2024-02-26,RENEWAL,Professional,199.0,50.8,2,Canada
TX-CUST-00094-00,CUST-00094,2024-02-26,NEW_SIGNUP,Professional,199.0,49.7,2,Canada
TX-CUST-00126-00,CUST-00126,2024-02-27,NEW_SIGNUP,Starter,49.0,87.1,0,USA
TX-CUST-00277-00,CUST-00277,2024-02-27,NEW_SIGNUP,Starter,49.0,62.7,0,USA
TX-CUST-00247-01,CUST-00247,2024-02-27,RENEWAL,Enterprise,899.0,74.8,2,USA
TX-CUST-00070-01,CUST-00070,2024-02-27,RENEWAL,Starter,49.0,88.0,0,USA
TX-CUST-00174-00,CUST-00174,2024-02-28,NEW_SIGNUP,Professional,199.0,52.5,2,Australia
TX-CUST-00039-01,CUST-00039,2024-02-28,RENEWAL,Professional,199.0,80.5,2,UK
TX-CUST-00190-01,CUST-00190,2024-02-28,RENEWAL,Professional,199.0,66.9,0,Germany
TX-CUST-00040-00,CUST-00040,2024-02-29,NEW_SIGNUP,Professional,199.0,47.4,1,India
TX-CUST-00136-02,CUST-00136,2024-03-01,RENEWAL,Enterprise,899.0,48.8,1,USA
TX-CUST-00104-01,CUST-00104,2024-03-01,UPGRADE,Enterprise,899.0,59.1,1,USA
TX-CUST-00214-01,CUST-00214,2024-03-01,RENEWAL,Enterprise,899.0,47.3,2,UK
TX-CUST-00157-00,CUST-00157,2024-03-02,NEW_SIGNUP,Professional,199.0,80.4,1,India
TX-CUST-00168-00,CUST-00168,2024-03-02,NEW_SIGNUP,Professional,199.0,62.7,2,UK
TX-CUST-00006-01,CUST-00006,2024-03-03,RENEWAL,Starter,49.0,91.4,0,Australia
TX-CUST-00293-00,CUST-00293,2024-03-03,NEW_SIGNUP,Starter,49.0,66.1,1,USA
TX-CUST-00112-00,CUST-00112,2024-03-03,NEW_SIGNUP,Starter,49.0,87.9,2,USA
TX-CUST-00235-00,CUST-00235,2024-03-04,NEW_SIGNUP,Professional,199.0,81.3,0,USA
TX-CUST-00091-02,CUST-00091,2024-03-04,RENEWAL,Starter,49.0,62.9,0,Canada
TX-CUST-00222-01,CUST-00222,2024-03-05,RENEWAL,Starter,49.0,89.2,2,Canada
TX-CUST-00274-02,CUST-00274,2024-03-05,RENEWAL,Starter,49.0,55.5,0,India
TX-CUST-00279-00,CUST-00279,2024-03-05,NEW_SIGNUP,Enterprise,899.0,93.4,2,USA
TX-CUST-00111-02,CUST-00111,2024-03-06,RENEWAL,Enterprise,899.0,53.6,2,Australia
TX-CUST-00248-01,CUST-00248,2024-03-06,RENEWAL,Starter,49.0,69.7,1,Germany
TX-CUST-00046-01,CUST-00046,2024-03-06,RENEWAL,Starter,49.0,56.6,2,Germany
TX-CUST-00096-02,CUST-00096,2024-03-06,RENEWAL,Starter,49.0,69.1,1,Australia
TX-CUST-00260-01,CUST-00260,2024-03-06,RENEWAL,Starter,49.0,93.4,2,UK
TX-CUST-00023-02,CUST-00023,2024-03-06,RENEWAL,Professional,199.0,77.6,0,USA
TX-CUST-00194-00,CUST-00194,2024-03-06,NEW_SIGNUP,Enterprise,899.0,59.1,2,Canada
TX-CUST-00080-00,CUST-00080,2024-03-07,NEW_SIGNUP,Starter,49.0,74.5,0,Canada
TX-CUST-00210-02,CUST-00210,2024-03-07,RENEWAL,Starter,49.0,59.5,2,India
TX-CUST-00200-02,CUST-00200,2024-03-07,RENEWAL,Professional,199.0,92.1,0,UK
TX-CUST-00230-02,CUST-00230,2024-03-07,RENEWAL,Professional,199.0,55.9,1,USA
TX-CUST-00187-02,CUST-00187,2024-03-07,RENEWAL,Starter,49.0,96.6,1,India
TX-CUST-00044-00,CUST-00044,2024-03-07,NEW_SIGNUP,Starter,49.0,62.0,1,Australia
TX-CUST-00151-02,CUST-00151,2024-03-07,RENEWAL,Professional,199.0,50.7,0,USA
TX-CUST-00155-01,CUST-00155,2024-03-08,RENEWAL,Starter,49.0,64.8,0,Australia
TX-CUST-00145-02,CUST-00145,2024-03-08,RENEWAL,Enterprise,899.0,74.0,2,India
TX-CUST-00259-01,CUST-00259,2024-03-08,RENEWAL,Professional,199.0,84.8,1,India
TX-CUST-00065-00,CUST-00065,2024-03-08,NEW_SIGNUP,Starter,49.0,75.8,0,Canada
TX-CUST-00014-01,CUST-00014,2024-03-09,RENEWAL,Starter,49.0,82.5,2,UK
TX-CUST-00283-01,CUST-00283,2024-03-09,RENEWAL,Enterprise,899.0,50.9,0,Australia
TX-CUST-00067-02,CUST-00067,2024-03-09,RENEWAL,Starter,49.0,66.5,0,Germany
TX-CUST-00272-02,CUST-00272,2024-03-09,RENEWAL,Enterprise,899.0,93.7,1,India
TX-CUST-00166-01,CUST-00166,2024-03-10,RENEWAL,Starter,49.0,47.9,1,Germany
TX-CUST-00292-02,CUST-00292,2024-03-10,RENEWAL,Starter,49.0,72.0,1,Australia
TX-CUST-00299-02,CUST-00299,2024-03-10,RENEWAL,Enterprise,899.0,51.2,0,UK
TX-CUST-00005-02,CUST-00005,2024-03-11,RENEWAL,Enterprise,899.0,82.3,2,Germany
TX-CUST-00188-02,CUST-00188,2024-03-11,RENEWAL,Professional,199.0,73.8,2,USA
TX-CUST-00192-01,CUST-00192,2024-03-11,RENEWAL,Professional,199.0,54.2,2,USA
TX-CUST-00031-02,CUST-00031,2024-03-11,RENEWAL,Enterprise,899.0,82.3,0,Canada
TX-CUST-00159-00,CUST-00159,2024-03-11,NEW_SIGNUP,Starter,49.0,80.3,1,Canada
TX-CUST-00294-01,CUST-00294,2024-03-11,RENEWAL,Professional,199.0,90.9,0,USA
TX-CUST-00282-02,CUST-00282,2024-03-11,RENEWAL,Starter,49.0,82.8,1,India
TX-CUST-00100-00,CUST-00100,2024-03-12,NEW_SIGNUP,Starter,49.0,54.0,0,Germany
TX-CUST-00281-02,CUST-00281,2024-03-12,RENEWAL,Starter,49.0,64.1,0,UK
TX-CUST-00209-02,CUST-00209,2024-03-12,RENEWAL,Professional,199.0,65.6,0,USA
TX-CUST-00217-01,CUST-00217,2024-03-12,RENEWAL,Starter,49.0,83.8,1,Australia
TX-CUST-00131-00,CUST-00131,2024-03-13,NEW_SIGNUP,Professional,199.0,55.2,0,UK
TX-CUST-00058-02,CUST-00058,2024-03-13,RENEWAL,Professional,199.0,81.1,1,Germany
TX-CUST-00019-00,CUST-00019,2024-03-13,NEW_SIGNUP,Enterprise,899.0,92.6,0,Canada
TX-CUST-00089-02,CUST-00089,2024-03-13,RENEWAL,Enterprise,899.0,66.4,0,Germany
TX-CUST-00063-00,CUST-00063,2024-03-13,NEW_SIGNUP,Professional,199.0,55.2,2,India
TX-CUST-00269-02,CUST-00269,2024-03-14,RENEWAL,Professional,199.0,56.5,2,Canada
TX-CUST-00127-01,CUST-00127,2024-03-15,RENEWAL,Professional,199.0,82.0,0,India
TX-CUST-00216-00,CUST-00216,2024-03-15,NEW_SIGNUP,Professional,199.0,58.1,0,USA
TX-CUST-00219-00,CUST-00219,2024-03-15,NEW_SIGNUP,Professional,199.0,70.1,2,Germany
TX-CUST-00028-01,CUST-00028,2024-03-15,UPGRADE,Enterprise,899.0,91.7,2,USA
TX-CUST-00141-01,CUST-00141,2024-03-15,RENEWAL,Starter,49.0,96.2,0,Germany
TX-CUST-00253-00,CUST-00253,2024-03-15,NEW_SIGNUP,Starter,49.0,58.3,0,UK
TX-CUST-00149-01,CUST-00149,2024-03-16,RENEWAL,Starter,49.0,84.1,1,Australia
TX-CUST-00086-00,CUST-00086,2024-03-16,NEW_SIGNUP,Enterprise,899.0,80.0,1,Canada
TX-CUST-00195-00,CUST-00195,2024-03-16,NEW_SIGNUP,Starter,49.0,72.9,1,UK
TX-CUST-00059-01,CUST-00059,2024-03-16,RENEWAL,Professional,199.0,77.2,0,Australia
TX-CUST-00164-00,CUST-00164,2024-03-16,NEW_SIGNUP,Professional,199.0,47.0,0,Germany
TX-CUST-00060-00,CUST-00060,2024-03-17,NEW_SIGNUP,Starter,49.0,65.2,1,Canada
TX-CUST-00228-01,CUST-00228,2024-03-18,RENEWAL,Professional,199.0,78.5,0,UK
TX-CUST-00296-01,CUST-00296,2024-03-18,RENEWAL,Professional,199.0,93.2,1,India
TX-CUST-00266-02,CUST-00266,2024-03-18,RENEWAL,Professional,199.0,86.5,0,Australia
TX-CUST-00180-01,CUST-00180,2024-03-18,RENEWAL,Starter,49.0,60.6,2,USA
TX-CUST-00027-00,CUST-00027,2024-03-18,NEW_SIGNUP,Starter,49.0,93.7,2,Australia
TX-CUST-00176-02,CUST-00176,2024-03-19,RENEWAL,Starter,49.0,45.7,2,Germany
TX-CUST-00232-00,CUST-00232,2024-03-19,NEW_SIGNUP,Starter,49.0,97.4,1,Canada
TX-CUST-00018-02,CUST-00018,2024-03-19,RENEWAL,Professional,199.0,70.1,2,Australia
TX-CUST-00026-02,CUST-00026,2024-03-19,RENEWAL,Professional,199.0,79.1,1,UK
TX-CUST-00170-01,CUST-00170,2024-03-20,RENEWAL,Starter,49.0,67.8,0,USA
TX-CUST-00205-02,CUST-00205,2024-03-20,RENEWAL,Starter,49.0,98.3,0,India
TX-CUST-00207-02,CUST-00207,2024-03-20,RENEWAL,Enterprise,899.0,47.6,1,Germany
TX-CUST-00270-00,CUST-00270,2024-03-21,NEW_SIGNUP,Starter,49.0,59.8,0,Germany
TX-CUST-00185-02,CUST-00185,2024-03-21,RENEWAL,Starter,49.0,82.3,0,Germany
TX-CUST-00199-01,CUST-00199,2024-03-21,RENEWAL,Professional,199.0,94.0,1,Germany
TX-CUST-00068-02,CUST-00068,2024-03-21,RENEWAL,Professional,199.0,59.5,0,USA
TX-CUST-00202-00,CUST-00202,2024-03-21,NEW_SIGNUP,Starter,49.0,71.7,2,Germany
TX-CUST-00276-01,CUST-00276,2024-03-22,RENEWAL,Starter,49.0,79.1,0,USA
TX-CUST-00124-00,CUST-00124,2024-03-22,NEW_SIGNUP,Starter,49.0,84.8,0,USA
TX-CUST-00278-00,CUST-00278,2024-03-22,NEW_SIGNUP,Professional,199.0,93.0,2,Germany
TX-CUST-00121-00,CUST-00121,2024-03-22,NEW_SIGNUP,Professional,199.0,52.2,1,UK
TX-CUST-00211-02,CUST-00211,2024-03-23,RENEWAL,Starter,49.0,46.7,2,Canada
TX-CUST-00011-02,CUST-00011,2024-03-24,RENEWAL,Starter,49.0,50.9,1,Germany
TX-CUST-00178-02,CUST-00178,2024-03-24,RENEWAL,Professional,199.0,47.3,0,USA
TX-CUST-00033-02,CUST-00033,2024-03-24,RENEWAL,Professional,199.0,51.8,2,India
TX-CUST-00252-01,CUST-00252,2024-03-25,RENEWAL,Professional,199.0,70.6,0,India
TX-CUST-00254-00,CUST-00254,2024-03-25,NEW_SIGNUP,Professional,199.0,80.1,0,Australia
TX-CUST-00257-02,CUST-00257,2024-03-25,RENEWAL,Enterprise,899.0,97.9,2,USA
TX-CUST-00070-02,CUST-00070,2024-03-25,RENEWAL,Starter,49.0,76.3,2,UK
TX-CUST-00167-01,CUST-00167,2024-03-25,RENEWAL,Starter,49.0,50.3,2,Canada
TX-CUST-00055-00,CUST-00055,2024-03-26,NEW_SIGNUP,Professional,199.0,95.4,2,Germany
TX-CUST-00221-00,CUST-00221,2024-03-26,NEW_SIGNUP,Starter,49.0,57.2,1,India
TX-CUST-00237-01,CUST-00237,2024-03-26,RENEWAL,Enterprise,899.0,65.7,1,UK
TX-CUST-00174-01,CUST-00174,2024-03-26,RENEWAL,Professional,199.0,98.4,2,Germany
TX-CUST-00143-00,CUST-00143,2024-03-26,NEW_SIGNUP,Professional,199.0,98.8,0,India
TX-CUST-00017-00,CUST-00017,2024-03-26,NEW_SIGNUP,Starter,49.0,97.1,0,Australia
TX-CUST-00247-02,CUST-00247,2024-03-26,RENEWAL,Enterprise,899.0,63.6,2,India
TX-CUST-00271-02,CUST-00271,2024-03-26,RENEWAL,Enterprise,899.0,73.1,0,Canada
TX-CUST-00034-02,CUST-00034,2024-03-27,RENEWAL,Starter,49.0,45.3,0,Australia
TX-CUST-00054-01,CUST-00054,2024-03-27,RENEWAL,Starter,49.0,46.7,2,USA
TX-CUST-00190-02,CUST-00190,2024-03-27,RENEWAL,Professional,199.0,67.3,1,India
TX-CUST-00052-00,CUST-00052,2024-03-28,NEW_SIGNUP,Starter,49.0,47.8,2,UK
TX-CUST-00040-01,CUST-00040,2024-03-28,RENEWAL,Professional,199.0,85.6,1,UK
TX-CUST-00037-00,CUST-00037,2024-03-28,NEW_SIGNUP,Starter,49.0,72.4,1,Canada
TX-CUST-00286-02,CUST-00286,2024-03-28,RENEWAL,Starter,49.0,72.1,2,UK
TX-CUST-00204-01,CUST-00204,2024-03-28,RENEWAL,Professional,199.0,72.9,2,Germany
TX-CUST-00214-02,CUST-00214,2024-03-28,RENEWAL,Enterprise,899.0,45.3,0,Germany
TX-CUST-00039-02,CUST-00039,2024-03-28,RENEWAL,Professional,199.0,61.8,2,India
TX-CUST-00095-00,CUST-00095,2024-03-28,NEW_SIGNUP,Professional,199.0,52.3,2,Canada
TX-CUST-00277-01,CUST-00277,2024-03-29,RENEWAL,Starter,49.0,96.5,1,India
TX-CUST-00104-02,CUST-00104,2024-03-29,RENEWAL,Enterprise,899.0,73.2,2,Australia
TX-CUST-00094-01,CUST-00094,2024-03-29,RENEWAL,Professional,199.0,94.5,0,India
TX-CUST-00126-01,CUST-00126,2024-03-30,RENEWAL,Starter,49.0,74.2,0,Canada
TX-CUST-00235-01,CUST-00235,2024-03-31,RENEWAL,Professional,199.0,80.9,0,USA
TX-CUST-00157-01,CUST-00157,2024-04-01,RENEWAL,Professional,199.0,72.3,1,Germany
TX-CUST-00168-01,CUST-00168,2024-04-01,RENEWAL,Professional,199.0,67.6,0,USA
TX-CUST-00136-03,CUST-00136,2024-04-01,RENEWAL,Enterprise,899.0,73.7,0,UK
TX-CUST-00293-01,CUST-00293,2024-04-01,RENEWAL,Starter,49.0,76.1,2,Australia
TX-CUST-00022-00,CUST-00022,2024-04-02,NEW_SIGNUP,Professional,199.0,53.2,2,Germany
TX-CUST-00112-01,CUST-00112,2024-04-02,RENEWAL,Starter,49.0,69.4,1,Canada
TX-CUST-00006-02,CUST-00006,2024-04-03,RENEWAL,Starter,49.0,84.1,2,Australia
TX-CUST-00093-00,CUST-00093,2024-04-03,NEW_SIGNUP,Starter,49.0,57.2,1,Australia
TX-CUST-00162-00,CUST-00162,2024-04-04,NEW_SIGNUP,Professional,199.0,80.9,1,UK
TX-CUST-00260-02,CUST-00260,2024-04-04,RENEWAL,Starter,49.0,68.0,2,India
TX-CUST-00200-03,CUST-00200,2024-04-04,RENEWAL,Professional,199.0,81.4,1,Australia
TX-CUST-00222-02,CUST-00222,2024-04-04,RENEWAL,Starter,49.0,72.1,2,Canada
TX-CUST-00080-01,CUST-00080,2024-04-04,UPGRADE,Professional,199.0,48.6,1,UK
TX-CUST-00097-00,CUST-00097,2024-04-04,NEW_SIGNUP,Professional,199.0,57.1,2,Germany
TX-CUST-00091-03,CUST-00091,2024-04-04,RENEWAL,Starter,49.0,66.2,2,Canada
TX-CUST-00297-00,CUST-00297,2024-04-05,NEW_SIGNUP,Professional,199.0,80.7,0,Australia
TX-CUST-00267-00,CUST-00267,2024-04-05,NEW_SIGNUP,Professional,199.0,74.5,0,Canada
TX-CUST-00145-03,CUST-00145,2024-04-05,RENEWAL,Enterprise,899.0,47.3,0,Australia
TX-CUST-00234-00,CUST-00234,2024-04-06,NEW_SIGNUP,Starter,49.0,55.7,0,Australia
TX-CUST-00065-01,CUST-00065,2024-04-06,RENEWAL,Starter,49.0,97.2,2,India
TX-CUST-00279-01,CUST-00279,2024-04-06,RENEWAL,Enterprise,899.0,50.1,1,India
TX-CUST-00046-02,CUST-00046,2024-04-06,RENEWAL,Starter,49.0,54.3,2,Canada
TX-CUST-00194-01,CUST-00194,2024-04-06,RENEWAL,Enterprise,899.0,62.1,2,Canada
TX-CUST-00187-03,CUST-00187,2024-04-06,RENEWAL,Starter,49.0,57.7,2,India
TX-CUST-00210-03,CUST-00210,2024-04-06,RENEWAL,Starter,49.0,61.4,1,Canada
TX-CUST-00250-00,CUST-00250,2024-04-06,NEW_SIGNUP,Enterprise,899.0,95.5,2,Canada
TX-CUST-00023-03,CUST-00023,2024-04-06,RENEWAL,Professional,199.0,96.3,2,Germany
TX-CUST-00262-00,CUST-00262,2024-04-07,NEW_SIGNUP,Enterprise,899.0,58.1,0,USA
TX-CUST-00248-02,CUST-00248,2024-04-07,RENEWAL,Starter,49.0,95.9,0,Germany
TX-CUST-00111-03,CUST-00111,2024-04-07,RENEWAL,Enterprise,899.0,62.9,1,Germany
TX-CUST-00272-03,CUST-00272,2024-04-07,RENEWAL,Enterprise,899.0,46.8,0,UK
TX-CUST-00230-03,CUST-00230,2024-04-07,RENEWAL,Professional,199.0,72.3,2,Canada
TX-CUST-00096-03,CUST-00096,2024-04-07,RENEWAL,Starter,49.0,89.9,0,Germany
TX-CUST-00259-02,CUST-00259,2024-04-07,RENEWAL,Professional,199.0,69.0,0,Germany
TX-CUST-00292-03,CUST-00292,2024-04-07,RENEWAL,Starter,49.0,92.2,2,USA
TX-CUST-00014-02,CUST-00014,2024-04-08,RENEWAL,Starter,49.0,48.4,1,Canada
TX-CUST-00067-03,CUST-00067,2024-04-08,RENEWAL,Starter,49.0,81.6,2,Germany
TX-CUST-00294-02,CUST-00294,2024-04-08,UPGRADE,Enterprise,899.0,55.6,2,Canada
TX-CUST-00155-02,CUST-00155,2024-04-08,RENEWAL,Starter,49.0,82.3,0,India
TX-CUST-00209-03,CUST-00209,2024-04-08,RENEWAL,Professional,199.0,86.5,0,Germany
TX-CUST-00192-02,CUST-00192,2024-04-08,RENEWAL,Professional,199.0,69.5,2,Canada
TX-CUST-00151-03,CUST-00151,2024-04-09,RENEWAL,Professional,199.0,79.0,2,India
TX-CUST-00134-00,CUST-00134,2024-04-09,NEW_SIGNUP,Starter,49.0,88.5,1,India
TX-CUST-00044-01,CUST-00044,2024-04-09,RENEWAL,Starter,49.0,58.7,2,UK
TX-CUST-00188-03,CUST-00188,2024-04-09,RENEWAL,Professional,199.0,60.0,0,Germany
TX-CUST-00085-00,CUST-00085,2024-04-09,NEW_SIGNUP,Professional,199.0,49.9,2,Germany
TX-CUST-00166-02,CUST-00166,2024-04-09,RENEWAL,Starter,49.0,86.0,0,USA
TX-CUST-00159-01,CUST-00159,2024-04-09,RENEWAL,Starter,49.0,55.5,1,India
TX-CUST-00057-00,CUST-00057,2024-04-10,NEW_SIGNUP,Starter,49.0,53.8,1,India
TX-CUST-00283-02,CUST-00283,2024-04-10,RENEWAL,Enterprise,899.0,52.9,0,USA
TX-CUST-00131-01,CUST-00131,2024-04-10,RENEWAL,Professional,199.0,78.4,1,India
TX-CUST-00282-03,CUST-00282,2024-04-10,RENEWAL,Starter,49.0,81.8,0,UK
TX-CUST-00069-00,CUST-00069,2024-04-10,NEW_SIGNUP,Professional,199.0,51.1,2,UK
TX-CUST-00031-03,CUST-00031,2024-04-10,RENEWAL,Enterprise,899.0,82.0,2,India
TX-CUST-00217-02,CUST-00217,2024-04-10,RENEWAL,Starter,49.0,94.2,0,India
TX-CUST-00005-03,CUST-00005,2024-04-10,RENEWAL,Enterprise,899.0,72.9,0,UK
TX-CUST-00269-03,CUST-00269,2024-04-11,RENEWAL,Professional,199.0,70.4,2,UK
TX-CUST-00253-01,CUST-00253,2024-04-11,UPGRADE,Professional,199.0,80.7,1,UK
TX-CUST-00242-00,CUST-00242,2024-04-11,NEW_SIGNUP,Professional,199.0,48.4,2,UK
TX-CUST-00171-00,CUST-00171,2024-04-11,NEW_SIGNUP,Enterprise,899.0,53.0,1,Canada
TX-CUST-00100-01,CUST-00100,2024-04-11,RENEWAL,Starter,49.0,73.3,1,India
TX-CUST-00281-03,CUST-00281,2024-04-11,RENEWAL,Starter,49.0,59.7,0,USA
TX-CUST-00299-03,CUST-00299,2024-04-11,RENEWAL,Enterprise,899.0,48.3,2,Germany
TX-CUST-00089-03,CUST-00089,2024-04-12,RENEWAL,Enterprise,899.0,68.6,2,Canada
TX-CUST-00129-00,CUST-00129,2024-04-13,NEW_SIGNUP,Starter,49.0,51.8,0,India
TX-CUST-00122-00,CUST-00122,2024-04-13,NEW_SIGNUP,Starter,49.0,59.1,2,Canada
TX-CUST-00063-01,CUST-00063,2024-04-13,RENEWAL,Professional,199.0,63.0,0,UK
TX-CUST-00098-00,CUST-00098,2024-04-13,NEW_SIGNUP,Professional,199.0,63.5,2,UK
TX-CUST-00058-03,CUST-00058,2024-04-13,RENEWAL,Professional,199.0,83.0,1,India
TX-CUST-00019-01,CUST-00019,2024-04-13,RENEWAL,Enterprise,899.0,62.6,1,UK
TX-CUST-00287-00,CUST-00287,2024-04-13,NEW_SIGNUP,Enterprise,899.0,94.3,0,Canada
TX-CUST-00141-02,CUST-00141,2024-04-14,RENEWAL,Starter,49.0,70.4,1,UK
TX-CUST-00216-01,CUST-00216,2024-04-14,RENEWAL,Professional,199.0,96.8,1,Germany
TX-CUST-00042-00,CUST-00042,2024-04-14,NEW_SIGNUP,Professional,199.0,58.8,0,Australia
TX-CUST-00164-01,CUST-00164,2024-04-15,RENEWAL,Professional,199.0,80.3,2,Canada
TX-CUST-00003-00,CUST-00003,2024-04-15,NEW_SIGNUP,Enterprise,899.0,52.7,0,UK
TX-CUST-00296-02,CUST-00296,2024-04-15,UPGRADE,Enterprise,899.0,83.1,2,Canada
TX-CUST-00028-02,CUST-00028,2024-04-15,RENEWAL,Enterprise,899.0,57.4,1,UK
TX-CUST-00195-01,CUST-00195,2024-04-15,RENEWAL,Starter,49.0,96.3,2,India
TX-CUST-00127-02,CUST-00127,2024-04-15,RENEWAL,Professional,199.0,55.6,2,UK
TX-CUST-00026-03,CUST-00026,2024-04-15,RENEWAL,Professional,199.0,92.1,1,UK
TX-CUST-00027-01,CUST-00027,2024-04-15,RENEWAL,Starter,49.0,98.3,1,India
TX-CUST-00149-02,CUST-00149,2024-04-15,RENEWAL,Starter,49.0,93.0,1,USA
TX-CUST-00182-00,CUST-00182,2024-04-15,NEW_SIGNUP,Starter,49.0,50.4,0,USA
TX-CUST-00180-02,CUST-00180,2024-04-16,RENEWAL,Starter,49.0,77.4,1,India
TX-CUST-00117-00,CUST-00117,2024-04-16,NEW_SIGNUP,Enterprise,899.0,50.6,2,India
TX-CUST-00060-01,CUST-00060,2024-04-16,RENEWAL,Starter,49.0,80.7,2,UK
TX-CUST-00059-02,CUST-00059,2024-04-17,RENEWAL,Professional,199.0,51.1,2,Australia
TX-CUST-00086-01,CUST-00086,2024-04-17,RENEWAL,Enterprise,899.0,52.4,0,India
TX-CUST-00295-00,CUST-00295,2024-04-17,NEW_SIGNUP,Starter,49.0,93.4,1,Germany
TX-CUST-00205-03,CUST-00205,2024-04-17,RENEWAL,Starter,49.0,51.7,2,USA
TX-CUST-00219-01,CUST-00219,2024-04-17,RENEWAL,Professional,199.0,64.8,1,Germany
TX-CUST-00266-03,CUST-00266,2024-04-18,RENEWAL,Professional,199.0,78.7,1,USA
TX-CUST-00232-01,CUST-00232,2024-04-18,RENEWAL,Starter,49.0,48.8,0,USA
TX-CUST-00015-00,CUST-00015,2024-04-18,NEW_SIGNUP,Professional,199.0,79.7,0,Canada
TX-CUST-00208-00,CUST-00208,2024-04-18,NEW_SIGNUP,Professional,199.0,93.6,1,Canada
TX-CUST-00176-03,CUST-00176,2024-04-18,RENEWAL,Starter,49.0,53.8,0,UK
TX-CUST-00121-01,CUST-00121,2024-04-18,RENEWAL,Professional,199.0,67.1,0,USA
TX-CUST-00228-02,CUST-00228,2024-04-18,RENEWAL,Professional,199.0,79.7,0,India
TX-CUST-00137-00,CUST-00137,2024-04-19,NEW_SIGNUP,Starter,49.0,95.4,1,Australia
TX-CUST-00087-00,CUST-00087,2024-04-19,NEW_SIGNUP,Professional,199.0,66.0,0,USA
TX-CUST-00263-00,CUST-00263,2024-04-19,NEW_SIGNUP,Professional,199.0,83.3,1,UK
TX-CUST-00170-02,CUST-00170,2024-04-19,RENEWAL,Starter,49.0,51.6,2,Australia
TX-CUST-00099-00,CUST-00099,2024-04-19,NEW_SIGNUP,Enterprise,899.0,62.1,2,UK
TX-CUST-00207-03-CHURN,CUST-00207,2024-04-20,CHURN,Enterprise,0.0,18.7,3,USA
TX-CUST-00068-03,CUST-00068,2024-04-20,RENEWAL,Professional,199.0,49.2,1,UK
TX-CUST-00185-03,CUST-00185,2024-04-20,RENEWAL,Starter,49.0,78.2,1,Canada
TX-CUST-00227-00,CUST-00227,2024-04-21,NEW_SIGNUP,Starter,49.0,69.8,0,India
TX-CUST-00199-02,CUST-00199,2024-04-21,RENEWAL,Professional,199.0,58.4,1,Germany
TX-CUST-00163-00,CUST-00163,2024-04-22,NEW_SIGNUP,Professional,199.0,75.6,1,Germany
TX-CUST-00280-00,CUST-00280,2024-04-22,NEW_SIGNUP,Starter,49.0,76.2,2,Canada
TX-CUST-00143-01,CUST-00143,2024-04-23,RENEWAL,Professional,199.0,96.2,0,UK
TX-CUST-00011-03,CUST-00011,2024-04-23,RENEWAL,Starter,49.0,93.6,0,Germany
TX-CUST-00278-01,CUST-00278,2024-04-23,RENEWAL,Professional,199.0,79.8,2,Germany
TX-CUST-00240-00,CUST-00240,2024-04-23,NEW_SIGNUP,Starter,49.0,82.6,1,UK
TX-CUST-00142-00,CUST-00142,2024-04-23,NEW_SIGNUP,Starter,49.0,91.7,0,Germany
TX-CUST-00178-03,CUST-00178,2024-04-23,RENEWAL,Professional,199.0,61.3,0,USA
TX-CUST-00270-01,CUST-00270,2024-04-23,RENEWAL,Starter,49.0,81.2,1,UK
TX-CUST-00202-01,CUST-00202,2024-04-23,RENEWAL,Starter,49.0,60.6,0,Canada
TX-CUST-00276-02,CUST-00276,2024-04-23,RENEWAL,Starter,49.0,74.5,0,Australia
TX-CUST-00124-01,CUST-00124,2024-04-23,RENEWAL,Starter,49.0,76.5,1,Germany
TX-CUST-00017-01,CUST-00017,2024-04-24,RENEWAL,Starter,49.0,94.0,1,Canada
TX-CUST-00055-01,CUST-00055,2024-04-24,RENEWAL,Professional,199.0,57.9,0,India
TX-CUST-00054-02,CUST-00054,2024-04-24,UPGRADE,Professional,199.0,53.2,2,UK
TX-CUST-00167-02,CUST-00167,2024-04-24,RENEWAL,Starter,49.0,71.2,1,UK
TX-CUST-00204-02,CUST-00204,2024-04-24,RENEWAL,Professional,199.0,72.9,0,USA
TX-CUST-00035-00,CUST-00035,2024-04-24,NEW_SIGNUP,Starter,49.0,67.4,0,Australia
TX-CUST-00252-02,CUST-00252,2024-04-24,RENEWAL,Professional,199.0,53.0,0,UK
TX-CUST-00271-03,CUST-00271,2024-04-24,RENEWAL,Enterprise,899.0,47.0,2,UK
TX-CUST-00165-00,CUST-00165,2024-04-24,NEW_SIGNUP,Starter,49.0,45.3,0,USA
TX-CUST-00286-03,CUST-00286,2024-04-25,RENEWAL,Starter,49.0,68.3,0,Germany
TX-CUST-00033-03,CUST-00033,2024-04-25,RENEWAL,Professional,199.0,72.3,1,USA
TX-CUST-00174-02,CUST-00174,2024-04-25,RENEWAL,Professional,199.0,45.4,2,Germany
TX-CUST-00257-03,CUST-00257,2024-04-25,RENEWAL,Enterprise,899.0,77.6,0,Canada
TX-CUST-00052-01,CUST-00052,2024-04-26,RENEWAL,Starter,49.0,72.2,2,Germany
TX-CUST-00221-01,CUST-00221,2024-04-26,RENEWAL,Starter,49.0,61.2,2,USA
TX-CUST-00254-01,CUST-00254,2024-04-26,RENEWAL,Professional,199.0,79.0,2,USA
TX-CUST-00237-02,CUST-00237,2024-04-26,RENEWAL,Enterprise,899.0,80.9,2,India
TX-CUST-00008-00,CUST-00008,2024-04-26,NEW_SIGNUP,Professional,199.0,81.1,2,Germany
TX-CUST-00038-00,CUST-00038,2024-04-27,NEW_SIGNUP,Professional,199.0,77.7,2,UK
TX-CUST-00224-00,CUST-00224,2024-04-27,NEW_SIGNUP,Starter,49.0,90.3,2,USA
TX-CUST-00104-03,CUST-00104,2024-04-27,RENEWAL,Enterprise,899.0,80.8,2,Canada
TX-CUST-00070-03,CUST-00070,2024-04-27,RENEWAL,Starter,49.0,82.3,0,Germany
TX-CUST-00034-03,CUST-00034,2024-04-27,RENEWAL,Starter,49.0,50.0,2,UK
TX-CUST-00040-02,CUST-00040,2024-04-27,RENEWAL,Professional,199.0,90.1,1,India
TX-CUST-00214-03,CUST-00214,2024-04-27,RENEWAL,Enterprise,899.0,57.2,2,Canada
TX-CUST-00247-03-CHURN,CUST-00247,2024-04-28,CHURN,Enterprise,0.0,17.8,4,India
TX-CUST-00037-01,CUST-00037,2024-04-28,UPGRADE,Professional,199.0,64.9,1,USA
TX-CUST-00133-00,CUST-00133,2024-04-28,NEW_SIGNUP,Starter,49.0,82.2,0,Germany
TX-CUST-00039-03,CUST-00039,2024-04-28,RENEWAL,Professional,199.0,75.2,2,Germany
TX-CUST-00095-01,CUST-00095,2024-04-28,RENEWAL,Professional,199.0,79.9,0,Canada
TX-CUST-00126-02,CUST-00126,2024-04-28,RENEWAL,Starter,49.0,93.4,1,Canada
TX-CUST-00056-00,CUST-00056,2024-04-29,NEW_SIGNUP,Starter,49.0,87.5,0,India
TX-CUST-00190-03,CUST-00190,2024-04-29,RENEWAL,Professional,199.0,82.7,2,USA
TX-CUST-00094-02,CUST-00094,2024-04-29,RENEWAL,Professional,199.0,76.5,0,USA
TX-CUST-00197-00,CUST-00197,2024-04-29,NEW_SIGNUP,Professional,199.0,78.9,1,Australia
TX-CUST-00277-02,CUST-00277,2024-04-29,RENEWAL,Starter,49.0,96.1,0,Germany
TX-CUST-00150-00,CUST-00150,2024-05-01,NEW_SIGNUP,Professional,199.0,55.3,1,India
TX-CUST-00136-04,CUST-00136,2024-05-01,RENEWAL,Enterprise,899.0,75.1,2,USA
TX-CUST-00101-00,CUST-00101,2024-05-01,NEW_SIGNUP,Professional,199.0,80.3,0,USA
TX-CUST-00235-02,CUST-00235,2024-05-01,RENEWAL,Professional,199.0,98.3,1,Canada
TX-CUST-00093-01,CUST-00093,2024-05-01,RENEWAL,Starter,49.0,50.2,2,Germany
TX-CUST-00043-00,CUST-00043,2024-05-01,NEW_SIGNUP,Professional,199.0,83.8,1,Canada
TX-CUST-00022-01,CUST-00022,2024-05-02,RENEWAL,Professional,199.0,86.3,2,Australia
TX-CUST-00293-02,CUST-00293,2024-05-02,RENEWAL,Starter,49.0,51.0,1,Germany
TX-CUST-00113-00,CUST-00113,2024-05-02,NEW_SIGNUP,Professional,199.0,82.8,0,Germany
TX-CUST-00157-02,CUST-00157,2024-05-02,RENEWAL,Professional,199.0,85.0,2,UK
TX-CUST-00147-00,CUST-00147,2024-05-02,NEW_SIGNUP,Starter,49.0,78.5,2,UK
TX-CUST-00183-00,CUST-00183,2024-05-03,NEW_SIGNUP,Enterprise,899.0,92.5,0,Canada
TX-CUST-00267-01,CUST-00267,2024-05-03,RENEWAL,Professional,199.0,61.0,0,Germany
TX-CUST-00112-02,CUST-00112,2024-05-03,UPGRADE,Professional,199.0,73.9,2,India
TX-CUST-00049-00,CUST-00049,2024-05-03,NEW_SIGNUP,Professional,199.0,54.2,2,India
TX-CUST-00091-04-CHURN,CUST-00091,2024-05-03,CHURN,Professional,0.0,7.2,8,India
TX-CUST-00168-02,CUST-00168,2024-05-03,RENEWAL,Professional,199.0,66.3,2,USA
TX-CUST-00154-00,CUST-00154,2024-05-03,NEW_SIGNUP,Starter,49.0,50.9,1,USA
TX-CUST-00109-00,CUST-00109,2024-05-03,NEW_SIGNUP,Starter,49.0,81.2,0,Germany
TX-CUST-00046-03,CUST-00046,2024-05-03,RENEWAL,Starter,49.0,81.1,2,USA
TX-CUST-00200-04,CUST-00200,2024-05-03,UPGRADE,Enterprise,899.0,54.3,1,Canada
TX-CUST-00138-00,CUST-00138,2024-05-04,NEW_SIGNUP,Enterprise,899.0,61.2,0,UK
TX-CUST-00080-02,CUST-00080,2024-05-04,RENEWAL,Professional,199.0,60.5,2,Australia
TX-CUST-00248-03,CUST-00248,2024-05-04,RENEWAL,Starter,49.0,49.9,0,USA
TX-CUST-00148-00,CUST-00148,2024-05-04,NEW_SIGNUP,Professional,199.0,68.1,1,Germany
TX-CUST-00160-00,CUST-00160,2024-05-04,NEW_SIGNUP,Professional,199.0,84.2,1,UK
TX-CUST-00096-04,CUST-00096,2024-05-05,RENEWAL,Starter,49.0,97.1,0,India
TX-CUST-00260-03,CUST-00260,2024-05-05,RENEWAL,Starter,49.0,59.6,1,India
TX-CUST-00262-01,CUST-00262,2024-05-05,RENEWAL,Enterprise,899.0,52.7,2,USA
TX-CUST-00023-04,CUST-00023,2024-05-05,RENEWAL,Professional,199.0,68.9,1,UK
TX-CUST-00111-04,CUST-00111,2024-05-05,RENEWAL,Enterprise,899.0,75.3,2,USA
TX-CUST-00222-03,CUST-00222,2024-05-05,RENEWAL,Starter,49.0,89.5,2,UK
TX-CUST-00006-03,CUST-00006,2024-05-05,RENEWAL,Starter,49.0,50.1,2,Canada
TX-CUST-00234-01,CUST-00234,2024-05-05,RENEWAL,Starter,49.0,55.0,0,India
TX-CUST-00194-02,CUST-00194,2024-05-05,RENEWAL,Enterprise,899.0,72.0,1,India
TX-CUST-00250-01,CUST-00250,2024-05-06,RENEWAL,Enterprise,899.0,62.7,1,USA
TX-CUST-00210-04,CUST-00210,2024-05-06,RENEWAL,Starter,49.0,52.7,2,UK
TX-CUST-00162-01,CUST-00162,2024-05-06,RENEWAL,Professional,199.0,72.8,1,Canada
TX-CUST-00230-04-CHURN,CUST-00230,2024-05-06,CHURN,Professional,0.0,14.5,3,Germany
TX-CUST-00198-00,CUST-00198,2024-05-06,NEW_SIGNUP,Starter,49.0,72.7,1,Canada
TX-CUST-00097-01,CUST-00097,2024-05-06,RENEWAL,Professional,199.0,63.8,1,UK
TX-CUST-00279-02,CUST-00279,2024-05-06,RENEWAL,Enterprise,899.0,75.0,1,Canada
TX-CUST-00115-00,CUST-00115,2024-05-06,NEW_SIGNUP,Professional,199.0,96.8,0,USA
TX-CUST-00187-04,CUST-00187,2024-05-06,RENEWAL,Starter,49.0,95.3,1,Canada
TX-CUST-00292-04,CUST-00292,2024-05-07,RENEWAL,Starter,49.0,57.5,2,Australia
TX-CUST-00065-02,CUST-00065,2024-05-07,RENEWAL,Starter,49.0,52.6,2,Canada
TX-CUST-00297-01,CUST-00297,2024-05-07,RENEWAL,Professional,199.0,85.7,1,Germany
TX-CUST-00166-03,CUST-00166,2024-05-08,RENEWAL,Starter,49.0,71.2,0,USA
TX-CUST-00134-01,CUST-00134,2024-05-08,UPGRADE,Professional,199.0,65.4,2,UK
TX-CUST-00044-02,CUST-00044,2024-05-08,RENEWAL,Starter,49.0,62.9,0,Germany
TX-CUST-00289-00,CUST-00289,2024-05-08,NEW_SIGNUP,Professional,199.0,81.0,2,Canada
TX-CUST-00294-03,CUST-00294,2024-05-08,RENEWAL,Enterprise,899.0,82.6,1,India
TX-CUST-00071-00,CUST-00071,2024-05-08,NEW_SIGNUP,Professional,199.0,96.8,0,Canada
TX-CUST-00145-04,CUST-00145,2024-05-08,RENEWAL,Enterprise,899.0,86.3,0,UK
TX-CUST-00014-03,CUST-00014,2024-05-08,RENEWAL,Starter,49.0,45.3,1,Germany
TX-CUST-00192-03,CUST-00192,2024-05-08,RENEWAL,Professional,199.0,88.9,1,Germany
TX-CUST-00151-04,CUST-00151,2024-05-09,RENEWAL,Professional,199.0,83.5,2,Australia
TX-CUST-00102-00,CUST-00102,2024-05-09,NEW_SIGNUP,Professional,199.0,67.6,0,Australia
TX-CUST-00085-01,CUST-00085,2024-05-09,RENEWAL,Professional,199.0,53.0,2,UK
TX-CUST-00159-02-CHURN,CUST-00159,2024-05-09,CHURN,Starter,0.0,6.7,6,USA
TX-CUST-00259-03,CUST-00259,2024-05-09,RENEWAL,Professional,199.0,59.4,2,USA
TX-CUST-00031-04,CUST-00031,2024-05-09,RENEWAL,Enterprise,899.0,96.2,1,USA
TX-CUST-00239-00,CUST-00239,2024-05-09,NEW_SIGNUP,Starter,49.0,77.3,1,Australia
TX-CUST-00069-01,CUST-00069,2024-05-09,RENEWAL,Professional,199.0,96.5,1,India
TX-CUST-00299-04,CUST-00299,2024-05-10,RENEWAL,Enterprise,899.0,90.9,2,India
TX-CUST-00100-02,CUST-00100,2024-05-10,RENEWAL,Starter,49.0,55.2,1,USA
TX-CUST-00057-01,CUST-00057,2024-05-10,RENEWAL,Starter,49.0,63.2,1,Australia
TX-CUST-00188-04-CHURN,CUST-00188,2024-05-10,CHURN,Professional,0.0,29.2,7,USA
TX-CUST-00217-03,CUST-00217,2024-05-10,RENEWAL,Starter,49.0,95.6,1,Canada
TX-CUST-00282-04-CHURN,CUST-00282,2024-05-10,CHURN,Starter,0.0,16.9,5,USA
TX-CUST-00244-00,CUST-00244,2024-05-10,NEW_SIGNUP,Starter,49.0,67.8,2,USA
TX-CUST-00067-04,CUST-00067,2024-05-10,RENEWAL,Starter,49.0,84.1,2,India
TX-CUST-00283-03,CUST-00283,2024-05-10,RENEWAL,Enterprise,899.0,63.9,2,Germany
TX-CUST-00075-00,CUST-00075,2024-05-10,NEW_SIGNUP,Professional,199.0,97.9,1,Germany
TX-CUST-00002-00,CUST-00002,2024-05-11,NEW_SIGNUP,Professional,199.0,74.0,1,USA
TX-CUST-00209-04,CUST-00209,2024-05-11,RENEWAL,Professional,199.0,54.8,2,USA
TX-CUST-00062-00,CUST-00062,2024-05-11,NEW_SIGNUP,Starter,49.0,76.2,2,Germany
TX-CUST-00281-04,CUST-00281,2024-05-11,RENEWAL,Starter,49.0,66.7,2,Germany
TX-CUST-00089-04,CUST-00089,2024-05-12,RENEWAL,Enterprise,899.0,95.2,1,UK
TX-CUST-00090-00,CUST-00090,2024-05-12,NEW_SIGNUP,Enterprise,899.0,54.8,1,Australia
TX-CUST-00019-02,CUST-00019,2024-05-12,RENEWAL,Enterprise,899.0,82.9,1,Australia
TX-CUST-00171-01,CUST-00171,2024-05-12,RENEWAL,Enterprise,899.0,73.9,0,UK
TX-CUST-00131-02,CUST-00131,2024-05-12,RENEWAL,Professional,199.0,73.9,0,USA
TX-CUST-00058-04,CUST-00058,2024-05-12,RENEWAL,Professional,199.0,56.9,0,Canada
TX-CUST-00242-01,CUST-00242,2024-05-12,RENEWAL,Professional,199.0,75.0,2,Australia
TX-CUST-00253-02,CUST-00253,2024-05-13,RENEWAL,Professional,199.0,55.0,1,Germany
TX-CUST-00028-03,CUST-00028,2024-05-13,RENEWAL,Enterprise,899.0,80.6,0,India
TX-CUST-00269-04,CUST-00269,2024-05-13,RENEWAL,Professional,199.0,48.4,1,Canada
TX-CUST-00287-01,CUST-00287,2024-05-13,RENEWAL,Enterprise,899.0,61.3,0,Australia
TX-CUST-00122-01,CUST-00122,2024-05-13,RENEWAL,Starter,49.0,66.5,0,Canada
TX-CUST-00063-02,CUST-00063,2024-05-13,RENEWAL,Professional,199.0,70.9,0,India
TX-CUST-00003-01,CUST-00003,2024-05-14,RENEWAL,Enterprise,899.0,76.5,1,UK
TX-CUST-00216-02,CUST-00216,2024-05-14,RENEWAL,Professional,199.0,64.9,0,Australia
TX-CUST-00123-00,CUST-00123,2024-05-14,NEW_SIGNUP,Starter,49.0,65.0,2,USA
TX-CUST-00141-03,CUST-00141,2024-05-15,RENEWAL,Starter,49.0,71.1,2,UK
TX-CUST-00152-00,CUST-00152,2024-05-15,NEW_SIGNUP,Starter,49.0,78.5,2,UK
TX-CUST-00129-01,CUST-00129,2024-05-15,RENEWAL,Starter,49.0,49.3,0,Canada
TX-CUST-00118-00,CUST-00118,2024-05-15,NEW_SIGNUP,Starter,49.0,87.8,2,USA
TX-CUST-00098-01,CUST-00098,2024-05-15,RENEWAL,Professional,199.0,72.4,0,India
TX-CUST-00059-03,CUST-00059,2024-05-15,RENEWAL,Professional,199.0,73.1,0,India
TX-CUST-00060-02,CUST-00060,2024-05-15,RENEWAL,Starter,49.0,51.9,0,USA
TX-CUST-00229-00,CUST-00229,2024-05-15,NEW_SIGNUP,Professional,199.0,60.0,2,USA
TX-CUST-00086-02,CUST-00086,2024-05-15,RENEWAL,Enterprise,899.0,98.4,2,Germany
TX-CUST-00195-02,CUST-00195,2024-05-16,UPGRADE,Professional,199.0,57.4,0,Canada
TX-CUST-00092-00,CUST-00092,2024-05-16,NEW_SIGNUP,Starter,49.0,54.2,1,USA
TX-CUST-00149-03,CUST-00149,2024-05-16,RENEWAL,Starter,49.0,78.8,0,Australia
TX-CUST-00117-01,CUST-00117,2024-05-16,RENEWAL,Enterprise,899.0,74.4,0,Canada
TX-CUST-00208-01,CUST-00208,2024-05-16,RENEWAL,Professional,199.0,69.9,1,India
TX-CUST-00127-03,CUST-00127,2024-05-16,RENEWAL,Professional,199.0,98.8,2,Australia
TX-CUST-00036-00,CUST-00036,2024-05-16,NEW_SIGNUP,Professional,199.0,60.6,1,USA
TX-CUST-00219-02,CUST-00219,2024-05-16,RENEWAL,Professional,199.0,79.8,1,USA
TX-CUST-00164-02,CUST-00164,2024-05-16,RENEWAL,Professional,199.0,84.7,1,India
TX-CUST-00176-04,CUST-00176,2024-05-17,RENEWAL,Starter,49.0,82.2,2,Australia
TX-CUST-00042-01,CUST-00042,2024-05-17,RENEWAL,Professional,199.0,61.3,0,UK
TX-CUST-00296-03,CUST-00296,2024-05-17,RENEWAL,Enterprise,899.0,73.1,1,India
TX-CUST-00027-02,CUST-00027,2024-05-17,RENEWAL,Starter,49.0,99.0,1,USA
TX-CUST-00026-04,CUST-00026,2024-05-17,RENEWAL,Professional,199.0,60.8,1,Canada
TX-CUST-00137-01,CUST-00137,2024-05-18,RENEWAL,Starter,49.0,79.2,2,Germany
TX-CUST-00099-01,CUST-00099,2024-05-18,RENEWAL,Enterprise,899.0,54.5,2,USA
TX-CUST-00295-01,CUST-00295,2024-05-18,RENEWAL,Starter,49.0,57.9,0,Australia
TX-CUST-00182-01,CUST-00182,2024-05-18,RENEWAL,Starter,49.0,65.7,2,Germany
TX-CUST-00232-02,CUST-00232,2024-05-18,RENEWAL,Starter,49.0,96.7,2,Germany
TX-CUST-00121-02-CHURN,CUST-00121,2024-05-18,CHURN,Professional,0.0,21.4,8,Germany
TX-CUST-00185-04,CUST-00185,2024-05-18,RENEWAL,Starter,49.0,90.4,2,UK
TX-CUST-00231-00,CUST-00231,2024-05-18,NEW_SIGNUP,Starter,49.0,58.9,1,Germany
TX-CUST-00012-00,CUST-00012,2024-05-18,NEW_SIGNUP,Starter,49.0,61.4,0,Canada
TX-CUST-00180-03,CUST-00180,2024-05-19,RENEWAL,Starter,49.0,68.1,0,Canada
TX-CUST-00087-01,CUST-00087,2024-05-19,RENEWAL,Professional,199.0,88.8,1,USA
TX-CUST-00015-01,CUST-00015,2024-05-19,UPGRADE,Enterprise,899.0,65.5,0,Canada
TX-CUST-00263-01,CUST-00263,2024-05-19,RENEWAL,Professional,199.0,97.8,0,India
TX-CUST-00170-03,CUST-00170,2024-05-19,RENEWAL,Starter,49.0,82.4,0,UK
TX-CUST-00266-04,CUST-00266,2024-05-19,RENEWAL,Professional,199.0,96.7,2,India
TX-CUST-00144-00,CUST-00144,2024-05-20,NEW_SIGNUP,Starter,49.0,82.1,1,USA
TX-CUST-00199-03,CUST-00199,2024-05-20,RENEWAL,Professional,199.0,72.6,1,USA
TX-CUST-00270-02,CUST-00270,2024-05-20,RENEWAL,Starter,49.0,85.7,0,UK
TX-CUST-00205-04,CUST-00205,2024-05-20,RENEWAL,Starter,49.0,98.1,2,Australia
TX-CUST-00240-01,CUST-00240,2024-05-21,RENEWAL,Starter,49.0,84.7,0,Germany
TX-CUST-00173-00,CUST-00173,2024-05-21,NEW_SIGNUP,Professional,199.0,66.5,2,Canada
TX-CUST-00241-00,CUST-00241,2024-05-21,NEW_SIGNUP,Starter,49.0,78.9,1,UK
TX-CUST-00035-01,CUST-00035,2024-05-21,RENEWAL,Starter,49.0,81.6,2,Canada
TX-CUST-00011-04,CUST-00011,2024-05-21,RENEWAL,Starter,49.0,74.1,2,India
TX-CUST-00227-01,CUST-00227,2024-05-22,RENEWAL,Starter,49.0,48.6,0,Canada
TX-CUST-00213-00,CUST-00213,2024-05-22,NEW_SIGNUP,Professional,199.0,48.5,0,India
TX-CUST-00246-00,CUST-00246,2024-05-22,NEW_SIGNUP,Professional,199.0,67.7,0,Germany
TX-CUST-00068-04,CUST-00068,2024-05-22,RENEWAL,Professional,199.0,61.5,1,Germany
TX-CUST-00124-02,CUST-00124,2024-05-22,RENEWAL,Starter,49.0,76.0,1,UK
TX-CUST-00202-02,CUST-00202,2024-05-22,RENEWAL,Starter,49.0,82.0,2,India
TX-CUST-00257-04,CUST-00257,2024-05-23,RENEWAL,Enterprise,899.0,91.3,1,UK
TX-CUST-00074-00,CUST-00074,2024-05-23,NEW_SIGNUP,Professional,199.0,67.4,1,Canada
TX-CUST-00254-02,CUST-00254,2024-05-23,RENEWAL,Professional,199.0,55.3,2,Canada
TX-CUST-00033-04,CUST-00033,2024-05-23,RENEWAL,Professional,199.0,83.9,0,Canada
TX-CUST-00276-03-CHURN,CUST-00276,2024-05-23,CHURN,Starter,0.0,5.6,7,UK
TX-CUST-00278-02,CUST-00278,2024-05-23,UPGRADE,Enterprise,899.0,62.4,0,Germany
TX-CUST-00076-00,CUST-00076,2024-05-23,NEW_SIGNUP,Starter,49.0,69.4,2,USA
TX-CUST-00221-02,CUST-00221,2024-05-23,RENEWAL,Starter,49.0,62.8,2,Australia
TX-CUST-00280-01,CUST-00280,2024-05-23,RENEWAL,Starter,49.0,57.2,1,Germany
TX-CUST-00206-00,CUST-00206,2024-05-23,NEW_SIGNUP,Enterprise,899.0,63.9,1,India
TX-CUST-00178-04,CUST-00178,2024-05-23,RENEWAL,Professional,199.0,55.0,1,USA
TX-CUST-00163-01,CUST-00163,2024-05-24,RENEWAL,Professional,199.0,96.8,0,Germany
TX-CUST-00291-00,CUST-00291,2024-05-24,NEW_SIGNUP,Enterprise,899.0,52.0,1,Australia
TX-CUST-00142-01,CUST-00142,2024-05-24,RENEWAL,Starter,49.0,97.7,0,Germany
TX-CUST-00064-00,CUST-00064,2024-05-24,NEW_SIGNUP,Starter,49.0,86.9,1,Canada
TX-CUST-00055-02,CUST-00055,2024-05-24,RENEWAL,Professional,199.0,83.7,0,India
TX-CUST-00083-00,CUST-00083,2024-05-24,NEW_SIGNUP,Professional,199.0,95.3,0,UK
TX-CUST-00167-03,CUST-00167,2024-05-24,RENEWAL,Starter,49.0,52.4,2,UK
TX-CUST-00070-04,CUST-00070,2024-05-24,RENEWAL,Starter,49.0,49.6,2,UK
TX-CUST-00143-02,CUST-00143,2024-05-24,RENEWAL,Professional,199.0,62.2,1,Canada
TX-CUST-00052-02,CUST-00052,2024-05-24,RENEWAL,Starter,49.0,98.3,2,Germany
TX-CUST-00133-01,CUST-00133,2024-05-25,RENEWAL,Starter,49.0,82.0,1,India
TX-CUST-00264-00,CUST-00264,2024-05-25,NEW_SIGNUP,Enterprise,899.0,60.2,2,USA
TX-CUST-00017-02,CUST-00017,2024-05-25,RENEWAL,Starter,49.0,50.5,1,India
TX-CUST-00037-02,CUST-00037,2024-05-25,RENEWAL,Professional,199.0,74.9,2,USA
TX-CUST-00038-01,CUST-00038,2024-05-25,RENEWAL,Professional,199.0,90.2,2,USA
TX-CUST-00004-00,CUST-00004,2024-05-26,NEW_SIGNUP,Starter,49.0,90.5,2,Australia
TX-CUST-00051-00,CUST-00051,2024-05-26,NEW_SIGNUP,Starter,49.0,98.8,1,Canada
TX-CUST-00252-03,CUST-00252,2024-05-26,UPGRADE,Enterprise,899.0,95.2,1,USA
TX-CUST-00165-01,CUST-00165,2024-05-26,RENEWAL,Starter,49.0,86.7,2,UK
TX-CUST-00204-03,CUST-00204,2024-05-26,RENEWAL,Professional,199.0,48.3,0,India
TX-CUST-00094-03,CUST-00094,2024-05-26,RENEWAL,Professional,199.0,92.4,1,Canada
TX-CUST-00039-04,CUST-00039,2024-05-26,RENEWAL,Professional,199.0,82.0,2,USA
TX-CUST-00054-03,CUST-00054,2024-05-26,RENEWAL,Professional,199.0,90.8,2,USA
TX-CUST-00286-04,CUST-00286,2024-05-26,UPGRADE,Professional,199.0,58.4,2,India
TX-CUST-00008-01,CUST-00008,2024-05-26,RENEWAL,Professional,199.0,51.2,0,India
TX-CUST-00271-04,CUST-00271,2024-05-26,RENEWAL,Enterprise,899.0,56.7,0,UK
TX-CUST-00197-01,CUST-00197,2024-05-26,RENEWAL,Professional,199.0,78.6,1,Germany
TX-CUST-00265-00,CUST-00265,2024-05-27,NEW_SIGNUP,Professional,199.0,50.0,1,USA
TX-CUST-00095-02,CUST-00095,2024-05-27,RENEWAL,Professional,199.0,72.9,1,USA
TX-CUST-00237-03,CUST-00237,2024-05-27,RENEWAL,Enterprise,899.0,95.3,2,USA
TX-CUST-00214-04,CUST-00214,2024-05-27,RENEWAL,Enterprise,899.0,48.4,2,USA
TX-CUST-00034-04,CUST-00034,2024-05-27,RENEWAL,Starter,49.0,84.0,2,Australia
TX-CUST-00126-03,CUST-00126,2024-05-27,RENEWAL,Starter,49.0,57.0,2,UK
TX-CUST-00224-01,CUST-00224,2024-05-27,RENEWAL,Starter,49.0,66.1,0,India
TX-CUST-00056-01,CUST-00056,2024-05-28,RENEWAL,Starter,49.0,75.7,0,Germany
TX-CUST-00277-03,CUST-00277,2024-05-28,RENEWAL,Starter,49.0,96.9,0,Australia
TX-CUST-00174-03,CUST-00174,2024-05-28,RENEWAL,Professional,199.0,94.4,0,UK
TX-CUST-00105-00,CUST-00105,2024-05-28,NEW_SIGNUP,Professional,199.0,49.0,1,Germany
TX-CUST-00190-04,CUST-00190,2024-05-28,RENEWAL,Professional,199.0,62.6,2,USA
TX-CUST-00104-04,CUST-00104,2024-05-28,RENEWAL,Enterprise,899.0,47.9,2,UK
TX-CUST-00139-00,CUST-00139,2024-05-28,NEW_SIGNUP,Enterprise,899.0,47.0,2,Canada
TX-CUST-00290-00,CUST-00290,2024-05-29,NEW_SIGNUP,Enterprise,899.0,93.7,2,Canada
TX-CUST-00040-03,CUST-00040,2024-05-29,RENEWAL,Professional,199.0,73.5,0,UK
TX-CUST-00043-01,CUST-00043,2024-05-30,RENEWAL,Professional,199.0,67.5,2,India
TX-CUST-00147-01,CUST-00147,2024-05-30,RENEWAL,Starter,49.0,63.8,0,USA
TX-CUST-00293-03,CUST-00293,2024-05-30,UPGRADE,Professional,199.0,55.8,0,UK
TX-CUST-00101-01,CUST-00101,2024-05-31,RENEWAL,Professional,199.0,74.6,1,India
TX-CUST-00113-01,CUST-00113,2024-06-01,RENEWAL,Professional,199.0,77.8,1,Canada
TX-CUST-00157-03,CUST-00157,2024-06-01,RENEWAL,Professional,199.0,87.3,0,Canada
TX-CUST-00288-00,CUST-00288,2024-06-01,NEW_SIGNUP,Professional,199.0,75.4,1,UK
TX-CUST-00154-01,CUST-00154,2024-06-01,RENEWAL,Starter,49.0,78.8,2,Canada
TX-CUST-00150-01,CUST-00150,2024-06-01,RENEWAL,Professional,199.0,92.1,2,India
TX-CUST-00136-05,CUST-00136,2024-06-01,RENEWAL,Enterprise,899.0,50.6,0,Australia
TX-CUST-00226-00,CUST-00226,2024-06-02,NEW_SIGNUP,Starter,49.0,84.1,0,Canada
TX-CUST-00116-00,CUST-00116,2024-06-02,NEW_SIGNUP,Professional,199.0,86.5,0,USA
TX-CUST-00168-03,CUST-00168,2024-06-02,RENEWAL,Professional,199.0,82.4,1,UK
TX-CUST-00160-01,CUST-00160,2024-06-02,UPGRADE,Enterprise,899.0,50.0,2,India
TX-CUST-00235-03,CUST-00235,2024-06-02,RENEWAL,Professional,199.0,81.8,1,Germany
TX-CUST-00183-01,CUST-00183,2024-06-02,RENEWAL,Enterprise,899.0,69.8,0,UK
TX-CUST-00022-02,CUST-00022,2024-06-02,RENEWAL,Professional,199.0,61.1,2,Canada
TX-CUST-00148-01,CUST-00148,2024-06-03,RENEWAL,Professional,199.0,71.8,2,India
TX-CUST-00279-03,CUST-00279,2024-06-03,RENEWAL,Enterprise,899.0,90.8,0,Germany
TX-CUST-00001-00,CUST-00001,2024-06-03,NEW_SIGNUP,Starter,49.0,57.1,2,USA
TX-CUST-00049-01,CUST-00049,2024-06-03,RENEWAL,Professional,199.0,89.6,0,USA
TX-CUST-00111-05,CUST-00111,2024-06-03,RENEWAL,Enterprise,899.0,78.1,2,UK
TX-CUST-00093-02,CUST-00093,2024-06-03,RENEWAL,Starter,49.0,90.4,2,Canada
TX-CUST-00109-01,CUST-00109,2024-06-03,RENEWAL,Starter,49.0,52.9,0,India
TX-CUST-00006-04,CUST-00006,2024-06-03,RENEWAL,Starter,49.0,81.4,2,USA
TX-CUST-00065-03,CUST-00065,2024-06-04,RENEWAL,Starter,49.0,48.2,0,USA
TX-CUST-00267-02,CUST-00267,2024-06-04,RENEWAL,Professional,199.0,69.9,1,Germany
TX-CUST-00146-00,CUST-00146,2024-06-04,NEW_SIGNUP,Starter,49.0,49.6,2,Canada
TX-CUST-00222-04,CUST-00222,2024-06-04,RENEWAL,Starter,49.0,76.1,2,USA
TX-CUST-00248-04,CUST-00248,2024-06-04,RENEWAL,Starter,49.0,85.1,2,Canada
TX-CUST-00212-00,CUST-00212,2024-06-04,NEW_SIGNUP,Starter,49.0,65.9,2,USA
TX-CUST-00046-04,CUST-00046,2024-06-04,RENEWAL,Starter,49.0,95.1,2,UK
TX-CUST-00260-04,CUST-00260,2024-06-04,RENEWAL,Starter,49.0,49.1,0,UK
TX-CUST-00203-00,CUST-00203,2024-06-05,NEW_SIGNUP,Professional,199.0,97.0,0,USA
TX-CUST-00251-00,CUST-00251,2024-06-05,NEW_SIGNUP,Enterprise,899.0,67.7,2,Canada
TX-CUST-00234-02,CUST-00234,2024-06-05,RENEWAL,Starter,49.0,92.1,1,India
TX-CUST-00151-05,CUST-00151,2024-06-05,RENEWAL,Professional,199.0,52.1,2,Canada
TX-CUST-00096-05,CUST-00096,2024-06-05,RENEWAL,Starter,49.0,46.1,2,USA
TX-CUST-00138-01,CUST-00138,2024-06-05,RENEWAL,Enterprise,899.0,89.4,2,Germany
TX-CUST-00200-05,CUST-00200,2024-06-05,RENEWAL,Enterprise,899.0,71.3,2,Australia
TX-CUST-00071-01,CUST-00071,2024-06-05,RENEWAL,Professional,199.0,66.4,2,Australia
TX-CUST-00297-02,CUST-00297,2024-06-05,RENEWAL,Professional,199.0,68.4,1,India
TX-CUST-00225-00,CUST-00225,2024-06-05,NEW_SIGNUP,Starter,49.0,47.8,0,USA
TX-CUST-00115-01,CUST-00115,2024-06-05,RENEWAL,Professional,199.0,85.0,1,Germany
TX-CUST-00250-02,CUST-00250,2024-06-05,RENEWAL,Enterprise,899.0,45.5,1,Canada
TX-CUST-00032-00,CUST-00032,2024-06-05,NEW_SIGNUP,Professional,199.0,47.7,1,UK
TX-CUST-00162-02,CUST-00162,2024-06-06,RENEWAL,Professional,199.0,48.8,0,USA
TX-CUST-00210-05,CUST-00210,2024-06-06,RENEWAL,Starter,49.0,69.4,0,Canada
TX-CUST-00097-02,CUST-00097,2024-06-06,RENEWAL,Professional,199.0,76.6,0,Australia
TX-CUST-00259-04,CUST-00259,2024-06-06,RENEWAL,Professional,199.0,72.6,1,UK
TX-CUST-00198-01,CUST-00198,2024-06-06,RENEWAL,Starter,49.0,67.8,1,Germany
TX-CUST-00193-00,CUST-00193,2024-06-06,NEW_SIGNUP,Starter,49.0,46.6,1,UK
TX-CUST-00262-02,CUST-00262,2024-06-06,RENEWAL,Enterprise,899.0,49.0,2,UK
TX-CUST-00080-03,CUST-00080,2024-06-06,RENEWAL,Professional,199.0,74.0,0,Germany
TX-CUST-00145-05,CUST-00145,2024-06-06,RENEWAL,Enterprise,899.0,60.4,0,Canada
TX-CUST-00023-05,CUST-00023,2024-06-07,RENEWAL,Professional,199.0,63.8,1,Germany
TX-CUST-00299-05,CUST-00299,2024-06-07,RENEWAL,Enterprise,899.0,69.0,2,USA
TX-CUST-00102-01,CUST-00102,2024-06-07,RENEWAL,Professional,199.0,71.9,2,UK
TX-CUST-00289-01,CUST-00289,2024-06-07,RENEWAL,Professional,199.0,82.7,0,Canada
TX-CUST-00067-05,CUST-00067,2024-06-08,UPGRADE,Professional,199.0,90.3,1,Australia
TX-CUST-00069-02,CUST-00069,2024-06-08,RENEWAL,Professional,199.0,89.2,1,India
TX-CUST-00239-01,CUST-00239,2024-06-08,RENEWAL,Starter,49.0,76.0,2,UK
TX-CUST-00134-02,CUST-00134,2024-06-08,RENEWAL,Professional,199.0,60.9,2,Canada
TX-CUST-00044-03,CUST-00044,2024-06-08,RENEWAL,Starter,49.0,65.9,0,Canada
TX-CUST-00057-02,CUST-00057,2024-06-08,RENEWAL,Starter,49.0,89.7,2,Germany
TX-CUST-00075-01,CUST-00075,2024-06-09,RENEWAL,Professional,199.0,93.6,0,UK
TX-CUST-00217-04,CUST-00217,2024-06-09,RENEWAL,Starter,49.0,73.5,2,Canada
TX-CUST-00019-03,CUST-00019,2024-06-09,RENEWAL,Enterprise,899.0,66.9,2,UK
TX-CUST-00258-00,CUST-00258,2024-06-09,NEW_SIGNUP,Starter,49.0,89.1,2,Australia
TX-CUST-00100-03,CUST-00100,2024-06-09,RENEWAL,Starter,49.0,46.2,2,UK
TX-CUST-00002-01,CUST-00002,2024-06-09,RENEWAL,Professional,199.0,91.5,2,UK
TX-CUST-00062-01,CUST-00062,2024-06-09,RENEWAL,Starter,49.0,80.7,0,Canada
TX-CUST-00244-01,CUST-00244,2024-06-09,RENEWAL,Starter,49.0,73.0,1,India
TX-CUST-00209-05,CUST-00209,2024-06-09,RENEWAL,Professional,199.0,62.5,1,USA
TX-CUST-00010-00,CUST-00010,2024-06-09,NEW_SIGNUP,Professional,199.0,97.6,2,UK
TX-CUST-00014-04,CUST-00014,2024-06-10,RENEWAL,Starter,49.0,85.4,2,Australia
TX-CUST-00181-00,CUST-00181,2024-06-10,NEW_SIGNUP,Starter,49.0,66.4,2,India
TX-CUST-00283-04,CUST-00283,2024-06-10,RENEWAL,Enterprise,899.0,61.3,1,Australia
TX-CUST-00192-04,CUST-00192,2024-06-10,RENEWAL,Professional,199.0,56.6,1,India
TX-CUST-00085-02,CUST-00085,2024-06-10,RENEWAL,Professional,199.0,89.3,0,USA
TX-CUST-00089-05,CUST-00089,2024-06-10,RENEWAL,Enterprise,899.0,54.6,0,India
TX-CUST-00131-03,CUST-00131,2024-06-10,RENEWAL,Professional,199.0,57.6,0,USA
TX-CUST-00281-05,CUST-00281,2024-06-10,RENEWAL,Starter,49.0,58.4,0,UK
TX-CUST-00171-02,CUST-00171,2024-06-11,RENEWAL,Enterprise,899.0,76.0,1,Germany
TX-CUST-00045-00,CUST-00045,2024-06-11,NEW_SIGNUP,Starter,49.0,54.0,1,Germany
TX-CUST-00242-02,CUST-00242,2024-06-11,RENEWAL,Professional,199.0,89.2,2,USA
TX-CUST-00028-04,CUST-00028,2024-06-11,RENEWAL,Enterprise,899.0,68.8,2,Germany
TX-CUST-00129-02,CUST-00129,2024-06-12,RENEWAL,Starter,49.0,47.9,1,Australia
TX-CUST-00098-02,CUST-00098,2024-06-12,RENEWAL,Professional,199.0,84.2,2,UK
TX-CUST-00118-01,CUST-00118,2024-06-12,RENEWAL,Starter,49.0,72.8,1,UK
TX-CUST-00003-02,CUST-00003,2024-06-12,RENEWAL,Enterprise,899.0,50.9,2,UK
TX-CUST-00253-03-CHURN,CUST-00253,2024-06-12,CHURN,Professional,0.0,18.8,4,Germany
TX-CUST-00238-00,CUST-00238,2024-06-12,NEW_SIGNUP,Starter,49.0,88.7,0,Germany
TX-CUST-00009-00,CUST-00009,2024-06-12,NEW_SIGNUP,Professional,199.0,96.0,2,UK
TX-CUST-00060-03,CUST-00060,2024-06-12,RENEWAL,Starter,49.0,67.9,1,UK
TX-CUST-00285-00,CUST-00285,2024-06-12,NEW_SIGNUP,Enterprise,899.0,87.9,2,Germany
TX-CUST-00090-01,CUST-00090,2024-06-12,RENEWAL,Enterprise,899.0,71.8,1,India
TX-CUST-00007-00,CUST-00007,2024-06-12,NEW_SIGNUP,Starter,49.0,72.2,2,UK
TX-CUST-00122-02,CUST-00122,2024-06-13,RENEWAL,Starter,49.0,98.4,2,Germany
TX-CUST-00236-00,CUST-00236,2024-06-13,NEW_SIGNUP,Enterprise,899.0,57.6,1,Canada
TX-CUST-00269-05-CHURN,CUST-00269,2024-06-13,CHURN,Professional,0.0,24.0,6,Germany
TX-CUST-00216-03,CUST-00216,2024-06-13,UPGRADE,Enterprise,899.0,90.1,0,Canada
TX-CUST-00141-04,CUST-00141,2024-06-13,RENEWAL,Starter,49.0,58.8,0,Germany
TX-CUST-00287-02,CUST-00287,2024-06-14,RENEWAL,Enterprise,899.0,60.8,1,UK
TX-CUST-00059-04,CUST-00059,2024-06-14,RENEWAL,Professional,199.0,69.1,0,Canada
TX-CUST-00036-01,CUST-00036,2024-06-14,RENEWAL,Professional,199.0,69.8,2,Germany
TX-CUST-00164-03,CUST-00164,2024-06-14,RENEWAL,Professional,199.0,82.9,0,USA
TX-CUST-00127-04,CUST-00127,2024-06-14,RENEWAL,Professional,199.0,75.7,1,USA
TX-CUST-00195-03,CUST-00195,2024-06-14,RENEWAL,Professional,199.0,93.3,1,USA
TX-CUST-00026-05,CUST-00026,2024-06-15,RENEWAL,Professional,199.0,54.7,0,USA
TX-CUST-00296-04,CUST-00296,2024-06-15,RENEWAL,Enterprise,899.0,46.9,0,India
TX-CUST-00182-02,CUST-00182,2024-06-15,RENEWAL,Starter,49.0,80.7,2,Canada
TX-CUST-00219-03,CUST-00219,2024-06-15,RENEWAL,Professional,199.0,87.4,0,USA
TX-CUST-00123-01,CUST-00123,2024-06-15,RENEWAL,Starter,49.0,80.4,1,India
TX-CUST-00295-02,CUST-00295,2024-06-16,RENEWAL,Starter,49.0,87.8,2,USA
TX-CUST-00119-00,CUST-00119,2024-06-16,NEW_SIGNUP,Starter,49.0,48.0,1,UK
TX-CUST-00229-01,CUST-00229,2024-06-16,RENEWAL,Professional,199.0,46.3,2,Germany
TX-CUST-00152-01,CUST-00152,2024-06-16,RENEWAL,Starter,49.0,89.0,2,Canada
TX-CUST-00135-00,CUST-00135,2024-06-16,NEW_SIGNUP,Professional,199.0,62.4,2,Germany
TX-CUST-00137-02,CUST-00137,2024-06-16,RENEWAL,Starter,49.0,95.0,1,Germany
TX-CUST-00042-02,CUST-00042,2024-06-16,RENEWAL,Professional,199.0,90.2,1,Australia
TX-CUST-00021-00,CUST-00021,2024-06-16,NEW_SIGNUP,Starter,49.0,74.9,2,UK
TX-CUST-00117-02,CUST-00117,2024-06-16,RENEWAL,Enterprise,899.0,72.9,1,UK
TX-CUST-00249-00,CUST-00249,2024-06-16,NEW_SIGNUP,Professional,199.0,77.8,0,India
TX-CUST-00232-03,CUST-00232,2024-06-17,RENEWAL,Starter,49.0,65.8,1,India
TX-CUST-00208-02,CUST-00208,2024-06-17,RENEWAL,Professional,199.0,78.7,2,Canada
TX-CUST-00066-00,CUST-00066,2024-06-17,NEW_SIGNUP,Starter,49.0,45.6,2,India
TX-CUST-00263-02,CUST-00263,2024-06-17,RENEWAL,Professional,199.0,89.4,2,Australia
TX-CUST-00256-00,CUST-00256,2024-06-17,NEW_SIGNUP,Starter,49.0,83.2,2,USA
TX-CUST-00020-00,CUST-00020,2024-06-17,NEW_SIGNUP,Professional,199.0,87.8,0,Germany
TX-CUST-00149-04,CUST-00149,2024-06-17,RENEWAL,Starter,49.0,61.6,1,India
TX-CUST-00092-01,CUST-00092,2024-06-17,RENEWAL,Starter,49.0,66.5,1,India
TX-CUST-00099-02,CUST-00099,2024-06-17,RENEWAL,Enterprise,899.0,76.1,0,Canada
TX-CUST-00185-05,CUST-00185,2024-06-18,RENEWAL,Starter,49.0,88.4,2,India
TX-CUST-00156-00,CUST-00156,2024-06-18,NEW_SIGNUP,Enterprise,899.0,72.9,2,Australia
TX-CUST-00128-00,CUST-00128,2024-06-18,NEW_SIGNUP,Starter,49.0,62.6,2,Canada
TX-CUST-00231-01,CUST-00231,2024-06-19,RENEWAL,Starter,49.0,71.0,1,UK
TX-CUST-00015-02,CUST-00015,2024-06-19,RENEWAL,Enterprise,899.0,96.4,1,Germany
TX-CUST-00241-01,CUST-00241,2024-06-19,RENEWAL,Starter,49.0,61.3,2,UK
TX-CUST-00177-00,CUST-00177,2024-06-19,NEW_SIGNUP,Professional,199.0,69.9,0,USA
TX-CUST-00240-02,CUST-00240,2024-06-19,RENEWAL,Starter,49.0,96.3,1,India
TX-CUST-00012-01,CUST-00012,2024-06-19,RENEWAL,Starter,49.0,56.5,1,India
TX-CUST-00087-02,CUST-00087,2024-06-19,RENEWAL,Professional,199.0,97.6,0,UK
TX-CUST-00170-04,CUST-00170,2024-06-19,RENEWAL,Starter,49.0,96.7,0,USA
TX-CUST-00173-01,CUST-00173,2024-06-20,RENEWAL,Professional,199.0,63.6,1,Canada
TX-CUST-00278-03,CUST-00278,2024-06-20,RENEWAL,Enterprise,899.0,87.1,0,USA
TX-CUST-00280-02,CUST-00280,2024-06-20,RENEWAL,Starter,49.0,79.9,0,India
TX-CUST-00074-01,CUST-00074,2024-06-20,RENEWAL,Professional,199.0,86.1,1,USA
TX-CUST-00213-01,CUST-00213,2024-06-20,RENEWAL,Professional,199.0,91.2,2,India
TX-CUST-00078-00,CUST-00078,2024-06-21,NEW_SIGNUP,Professional,199.0,83.0,0,UK
TX-CUST-00068-05,CUST-00068,2024-06-21,RENEWAL,Professional,199.0,89.0,2,Australia
TX-CUST-00270-03,CUST-00270,2024-06-21,RENEWAL,Starter,49.0,87.3,2,Canada
TX-CUST-00144-01,CUST-00144,2024-06-21,RENEWAL,Starter,49.0,70.3,2,Germany
TX-CUST-00011-05,CUST-00011,2024-06-21,RENEWAL,Starter,49.0,62.8,1,India
TX-CUST-00227-02,CUST-00227,2024-06-21,RENEWAL,Starter,49.0,83.5,2,UK
TX-CUST-00254-03,CUST-00254,2024-06-22,RENEWAL,Professional,199.0,84.2,0,Australia
TX-CUST-00103-00,CUST-00103,2024-06-22,NEW_SIGNUP,Starter,49.0,96.6,1,India
TX-CUST-00076-01,CUST-00076,2024-06-22,RENEWAL,Starter,49.0,95.6,1,Canada
TX-CUST-00206-01,CUST-00206,2024-06-22,RENEWAL,Enterprise,899.0,58.4,1,Australia
TX-CUST-00271-05,CUST-00271,2024-06-22,RENEWAL,Enterprise,899.0,61.6,0,India
TX-CUST-00082-00,CUST-00082,2024-06-22,NEW_SIGNUP,Starter,49.0,47.4,0,UK
TX-CUST-00202-03,CUST-00202,2024-06-22,RENEWAL,Starter,49.0,96.8,2,India
TX-CUST-00199-04,CUST-00199,2024-06-22,RENEWAL,Professional,199.0,58.8,0,Australia
TX-CUST-00161-00,CUST-00161,2024-06-22,NEW_SIGNUP,Professional,199.0,53.7,0,Germany
TX-CUST-00035-02,CUST-00035,2024-06-22,UPGRADE,Professional,199.0,77.4,0,UK
TX-CUST-00178-05,CUST-00178,2024-06-22,RENEWAL,Professional,199.0,76.3,1,UK
TX-CUST-00246-01,CUST-00246,2024-06-23,RENEWAL,Professional,199.0,58.4,1,USA
TX-CUST-00143-03,CUST-00143,2024-06-23,RENEWAL,Professional,199.0,95.4,1,UK
TX-CUST-00124-03,CUST-00124,2024-06-23,RENEWAL,Starter,49.0,63.4,0,Australia
TX-CUST-00055-03,CUST-00055,2024-06-23,UPGRADE,Enterprise,899.0,95.2,1,India
TX-CUST-00264-01,CUST-00264,2024-06-23,DOWNGRADE,Professional,199.0,94.1,0,Australia
TX-CUST-00064-01,CUST-00064,2024-06-23,RENEWAL,Starter,49.0,92.7,1,USA
TX-CUST-00034-05,CUST-00034,2024-06-23,RENEWAL,Starter,49.0,47.7,0,Germany
TX-CUST-00142-02,CUST-00142,2024-06-23,RENEWAL,Starter,49.0,72.0,1,Australia
TX-CUST-00291-01,CUST-00291,2024-06-23,RENEWAL,Enterprise,899.0,48.6,0,India
TX-CUST-00163-02,CUST-00163,2024-06-23,RENEWAL,Professional,199.0,80.0,0,Australia
TX-CUST-00252-04,CUST-00252,2024-06-23,RENEWAL,Enterprise,899.0,61.5,2,UK
TX-CUST-00017-03-CHURN,CUST-00017,2024-06-23,CHURN,Starter,0.0,18.3,8,Germany
TX-CUST-00110-00,CUST-00110,2024-06-23,NEW_SIGNUP,Starter,49.0,67.5,2,Germany
TX-CUST-00108-00,CUST-00108,2024-06-23,NEW_SIGNUP,Enterprise,899.0,56.3,2,Germany
TX-CUST-00054-04,CUST-00054,2024-06-23,RENEWAL,Professional,199.0,70.8,1,Germany
TX-CUST-00133-02,CUST-00133,2024-06-24,UPGRADE,Professional,199.0,82.9,0,UK
TX-CUST-00201-00,CUST-00201,2024-06-24,NEW_SIGNUP,Starter,49.0,46.1,1,Australia
TX-CUST-00204-04,CUST-00204,2024-06-24,RENEWAL,Professional,199.0,83.5,2,Australia
TX-CUST-00257-05,CUST-00257,2024-06-24,RENEWAL,Enterprise,899.0,93.7,0,Canada
TX-CUST-00165-02,CUST-00165,2024-06-24,RENEWAL,Starter,49.0,57.9,0,Australia
TX-CUST-00167-04,CUST-00167,2024-06-24,RENEWAL,Starter,49.0,82.4,0,Germany
TX-CUST-00051-01,CUST-00051,2024-06-24,RENEWAL,Starter,49.0,66.2,1,UK
TX-CUST-00004-01,CUST-00004,2024-06-24,RENEWAL,Starter,49.0,74.1,2,USA
TX-CUST-00038-02,CUST-00038,2024-06-25,UPGRADE,Enterprise,899.0,98.5,2,Australia
TX-CUST-00070-05,CUST-00070,2024-06-25,RENEWAL,Starter,49.0,71.1,1,USA
TX-CUST-00083-01,CUST-00083,2024-06-25,RENEWAL,Professional,199.0,45.5,1,USA
TX-CUST-00126-04,CUST-00126,2024-06-25,RENEWAL,Starter,49.0,46.8,1,Canada
TX-CUST-00190-05,CUST-00190,2024-06-25,RENEWAL,Professional,199.0,79.6,0,Canada
TX-CUST-00079-00,CUST-00079,2024-06-25,NEW_SIGNUP,Starter,49.0,91.4,0,USA
TX-CUST-00224-02,CUST-00224,2024-06-25,RENEWAL,Starter,49.0,56.7,0,India
TX-CUST-00221-03,CUST-00221,2024-06-25,RENEWAL,Starter,49.0,73.9,0,Canada
TX-CUST-00033-05,CUST-00033,2024-06-25,RENEWAL,Professional,199.0,66.5,2,USA
TX-CUST-00139-01,CUST-00139,2024-06-25,RENEWAL,Enterprise,899.0,63.1,1,Canada
TX-CUST-00040-04,CUST-00040,2024-06-26,RENEWAL,Professional,199.0,65.0,0,India
TX-CUST-00095-03,CUST-00095,2024-06-26,RENEWAL,Professional,199.0,87.1,2,Australia
TX-CUST-00214-05,CUST-00214,2024-06-26,RENEWAL,Enterprise,899.0,78.8,1,Germany
TX-CUST-00008-02,CUST-00008,2024-06-26,RENEWAL,Professional,199.0,56.0,2,Germany
TX-CUST-00290-01,CUST-00290,2024-06-26,RENEWAL,Enterprise,899.0,80.4,2,Germany
TX-CUST-00265-01,CUST-00265,2024-06-26,RENEWAL,Professional,199.0,72.0,1,Canada
TX-CUST-00197-02,CUST-00197,2024-06-26,RENEWAL,Professional,199.0,62.5,0,India
TX-CUST-00186-00,CUST-00186,2024-06-27,NEW_SIGNUP,Professional,199.0,95.6,2,Australia
TX-CUST-00024-00,CUST-00024,2024-06-27,NEW_SIGNUP,Starter,49.0,67.4,1,Canada
TX-CUST-00105-01,CUST-00105,2024-06-27,RENEWAL,Professional,199.0,72.4,2,India
TX-CUST-00286-05,CUST-00286,2024-06-27,RENEWAL,Professional,199.0,59.1,1,Australia
TX-CUST-00056-02,CUST-00056,2024-06-27,RENEWAL,Starter,49.0,93.0,0,Australia
TX-CUST-00174-04,CUST-00174,2024-06-27,RENEWAL,Professional,199.0,61.3,2,Germany
TX-CUST-00039-05,CUST-00039,2024-06-27,RENEWAL,Professional,199.0,96.4,1,Canada
TX-CUST-00094-04,CUST-00094,2024-06-28,RENEWAL,Professional,199.0,66.8,2,Australia
TX-CUST-00277-04,CUST-00277,2024-06-28,RENEWAL,Starter,49.0,68.4,1,Canada
TX-CUST-00029-00,CUST-00029,2024-06-29,NEW_SIGNUP,Starter,49.0,97.0,0,UK
TX-CUST-00125-00,CUST-00125,2024-06-29,NEW_SIGNUP,Professional,199.0,65.7,0,India
TX-CUST-00043-02,CUST-00043,2024-06-29,RENEWAL,Professional,199.0,74.4,2,Australia
TX-CUST-00150-02,CUST-00150,2024-06-30,RENEWAL,Professional,199.0,91.7,0,USA
TX-CUST-00168-04,CUST-00168,2024-06-30,RENEWAL,Professional,199.0,45.9,2,Germany
TX-CUST-00235-04,CUST-00235,2024-06-30,RENEWAL,Professional,199.0,48.1,1,Germany
TX-CUST-00293-04,CUST-00293,2024-06-30,RENEWAL,Professional,199.0,80.8,0,UK
TX-CUST-00157-04,CUST-00157,2024-07-01,RENEWAL,Professional,199.0,49.6,0,Australia
TX-CUST-00116-01,CUST-00116,2024-07-01,RENEWAL,Professional,199.0,70.5,0,Germany
TX-CUST-00101-02-CHURN,CUST-00101,2024-07-01,CHURN,Professional,0.0,15.5,3,India
TX-CUST-00288-01,CUST-00288,2024-07-01,RENEWAL,Professional,199.0,53.4,2,Germany
TX-CUST-00183-02,CUST-00183,2024-07-01,RENEWAL,Enterprise,899.0,61.9,1,Canada
TX-CUST-00226-01,CUST-00226,2024-07-01,RENEWAL,Starter,49.0,78.8,2,UK
TX-CUST-00049-02,CUST-00049,2024-07-01,RENEWAL,Professional,199.0,56.4,2,Canada
TX-CUST-00006-05,CUST-00006,2024-07-01,RENEWAL,Starter,49.0,58.4,0,Australia
TX-CUST-00147-02,CUST-00147,2024-07-01,RENEWAL,Starter,49.0,98.7,0,India
TX-CUST-00153-00,CUST-00153,2024-07-02,NEW_SIGNUP,Professional,199.0,73.7,1,Australia
TX-CUST-00106-00,CUST-00106,2024-07-02,NEW_SIGNUP,Professional,199.0,75.2,2,Australia
TX-CUST-00203-01,CUST-00203,2024-07-02,RENEWAL,Professional,199.0,50.7,2,USA
TX-CUST-00001-01,CUST-00001,2024-07-02,RENEWAL,Starter,49.0,50.1,0,Australia
TX-CUST-00212-01,CUST-00212,2024-07-02,RENEWAL,Starter,49.0,69.0,0,India
TX-CUST-00248-05,CUST-00248,2024-07-03,RENEWAL,Starter,49.0,84.5,1,Canada
TX-CUST-00215-00,CUST-00215,2024-07-03,NEW_SIGNUP,Starter,49.0,61.3,2,Canada
TX-CUST-00160-02,CUST-00160,2024-07-03,RENEWAL,Enterprise,899.0,51.5,2,UK
TX-CUST-00146-01,CUST-00146,2024-07-03,RENEWAL,Starter,49.0,86.5,1,Australia
TX-CUST-00093-03,CUST-00093,2024-07-03,RENEWAL,Starter,49.0,66.3,2,USA
TX-CUST-00080-04,CUST-00080,2024-07-03,RENEWAL,Professional,199.0,88.6,2,Germany
TX-CUST-00111-06,CUST-00111,2024-07-03,RENEWAL,Enterprise,899.0,96.0,1,Germany
TX-CUST-00053-00,CUST-00053,2024-07-03,NEW_SIGNUP,Starter,49.0,47.4,0,India
TX-CUST-00260-05,CUST-00260,2024-07-03,RENEWAL,Starter,49.0,87.4,1,USA
TX-CUST-00154-02,CUST-00154,2024-07-03,RENEWAL,Starter,49.0,70.6,0,Australia
TX-CUST-00065-04,CUST-00065,2024-07-03,RENEWAL,Starter,49.0,57.5,2,UK
TX-CUST-00022-03,CUST-00022,2024-07-03,RENEWAL,Professional,199.0,50.4,0,India
TX-CUST-00262-03,CUST-00262,2024-07-03,RENEWAL,Enterprise,899.0,45.7,1,UK
TX-CUST-00279-04,CUST-00279,2024-07-03,RENEWAL,Enterprise,899.0,45.6,0,Germany
TX-CUST-00016-00,CUST-00016,2024-07-03,NEW_SIGNUP,Professional,199.0,57.1,0,India
TX-CUST-00109-02,CUST-00109,2024-07-04,RENEWAL,Starter,49.0,69.4,2,India
TX-CUST-00234-03,CUST-00234,2024-07-04,RENEWAL,Starter,49.0,65.4,1,USA
TX-CUST-00222-05,CUST-00222,2024-07-04,RENEWAL,Starter,49.0,90.5,1,Canada
TX-CUST-00113-02,CUST-00113,2024-07-04,RENEWAL,Professional,199.0,73.8,0,India
TX-CUST-00198-02-CHURN,CUST-00198,2024-07-04,CHURN,Starter,0.0,13.5,6,India
TX-CUST-00175-00,CUST-00175,2024-07-04,NEW_SIGNUP,Starter,49.0,53.8,0,UK
TX-CUST-00218-00,CUST-00218,2024-07-04,NEW_SIGNUP,Enterprise,899.0,84.3,1,India
TX-CUST-00200-06,CUST-00200,2024-07-04,RENEWAL,Enterprise,899.0,88.5,0,UK
TX-CUST-00138-02,CUST-00138,2024-07-04,RENEWAL,Enterprise,899.0,59.3,2,UK
TX-CUST-00148-02,CUST-00148,2024-07-04,RENEWAL,Professional,199.0,83.3,0,USA
TX-CUST-00297-03,CUST-00297,2024-07-04,RENEWAL,Professional,199.0,95.4,1,Australia
TX-CUST-00023-06,CUST-00023,2024-07-04,RENEWAL,Professional,199.0,60.6,1,Australia
TX-CUST-00169-00,CUST-00169,2024-07-04,NEW_SIGNUP,Enterprise,899.0,87.7,1,India
TX-CUST-00115-02,CUST-00115,2024-07-05,RENEWAL,Professional,199.0,70.0,1,Germany
TX-CUST-00225-01,CUST-00225,2024-07-05,RENEWAL,Starter,49.0,65.2,0,UK
TX-CUST-00097-03,CUST-00097,2024-07-05,RENEWAL,Professional,199.0,82.0,1,USA
TX-CUST-00184-00,CUST-00184,2024-07-05,NEW_SIGNUP,Professional,199.0,70.7,0,Australia
TX-CUST-00151-06,CUST-00151,2024-07-05,RENEWAL,Professional,199.0,70.1,0,UK
TX-CUST-00071-02-CHURN,CUST-00071,2024-07-05,CHURN,Professional,0.0,10.4,5,India
TX-CUST-00267-03,CUST-00267,2024-07-05,RENEWAL,Professional,199.0,75.7,0,Germany
TX-CUST-00250-03,CUST-00250,2024-07-06,RENEWAL,Enterprise,899.0,51.7,1,USA
TX-CUST-00251-01,CUST-00251,2024-07-06,RENEWAL,Enterprise,899.0,92.6,2,India
TX-CUST-00140-00,CUST-00140,2024-07-06,NEW_SIGNUP,Professional,199.0,66.3,2,UK
TX-CUST-00032-01,CUST-00032,2024-07-06,RENEWAL,Professional,199.0,89.8,2,UK
TX-CUST-00158-00,CUST-00158,2024-07-06,NEW_SIGNUP,Enterprise,899.0,57.8,1,India
TX-CUST-00145-06,CUST-00145,2024-07-06,RENEWAL,Enterprise,899.0,52.7,2,Canada
TX-CUST-00259-05,CUST-00259,2024-07-06,RENEWAL,Professional,199.0,53.0,2,Germany
TX-CUST-00010-01,CUST-00010,2024-07-07,RENEWAL,Professional,199.0,88.8,1,USA
TX-CUST-00114-00,CUST-00114,2024-07-07,NEW_SIGNUP,Starter,49.0,91.0,2,Canada
TX-CUST-00002-02,CUST-00002,2024-07-07,UPGRADE,Enterprise,899.0,60.6,0,UK
TX-CUST-00281-06-CHURN,CUST-00281,2024-07-07,CHURN,Professional,0.0,11.7,3,Australia
TX-CUST-00210-06,CUST-00210,2024-07-07,RENEWAL,Starter,49.0,94.8,1,Australia
TX-CUST-00134-03,CUST-00134,2024-07-07,RENEWAL,Professional,199.0,70.3,2,Australia
TX-CUST-00077-00,CUST-00077,2024-07-07,NEW_SIGNUP,Starter,49.0,55.9,2,UK
TX-CUST-00289-02,CUST-00289,2024-07-08,RENEWAL,Professional,199.0,51.5,1,USA
TX-CUST-00044-04,CUST-00044,2024-07-08,RENEWAL,Starter,49.0,49.5,1,USA
TX-CUST-00193-01,CUST-00193,2024-07-08,RENEWAL,Starter,49.0,82.0,1,USA
TX-CUST-00217-05,CUST-00217,2024-07-08,RENEWAL,Starter,49.0,55.2,2,Canada
TX-CUST-00100-04-CHURN,CUST-00100,2024-07-08,CHURN,Starter,0.0,26.9,5,Australia
TX-CUST-00172-00,CUST-00172,2024-07-08,NEW_SIGNUP,Starter,49.0,48.0,2,UK
TX-CUST-00025-00,CUST-00025,2024-07-08,NEW_SIGNUP,Enterprise,899.0,57.6,1,USA
TX-CUST-00299-06,CUST-00299,2024-07-08,RENEWAL,Enterprise,899.0,81.8,0,India
TX-CUST-00014-05,CUST-00014,2024-07-08,RENEWAL,Starter,49.0,66.0,2,India
TX-CUST-00102-02,CUST-00102,2024-07-09,RENEWAL,Professional,199.0,67.1,0,USA
TX-CUST-00238-01,CUST-00238,2024-07-09,RENEWAL,Starter,49.0,63.4,2,UK
TX-CUST-00007-01,CUST-00007,2024-07-09,RENEWAL,Starter,49.0,55.0,2,USA
TX-CUST-00067-06,CUST-00067,2024-07-09,RENEWAL,Professional,199.0,87.3,1,Canada
TX-CUST-00258-01,CUST-00258,2024-07-09,RENEWAL,Starter,49.0,58.2,2,Canada
TX-CUST-00069-03,CUST-00069,2024-07-10,RENEWAL,Professional,199.0,53.3,1,Canada
TX-CUST-00062-02,CUST-00062,2024-07-10,RENEWAL,Starter,49.0,84.7,0,India
TX-CUST-00181-01,CUST-00181,2024-07-10,RENEWAL,Starter,49.0,82.5,0,India
TX-CUST-00236-01,CUST-00236,2024-07-10,RENEWAL,Enterprise,899.0,95.8,1,India
TX-CUST-00075-02,CUST-00075,2024-07-10,RENEWAL,Professional,199.0,51.9,0,UK
TX-CUST-00285-01,CUST-00285,2024-07-11,DOWNGRADE,Professional,199.0,95.1,0,Canada
TX-CUST-00085-03,CUST-00085,2024-07-11,RENEWAL,Professional,199.0,50.1,0,UK
TX-CUST-00239-02,CUST-00239,2024-07-11,RENEWAL,Starter,49.0,88.8,0,India
TX-CUST-00131-04,CUST-00131,2024-07-11,RENEWAL,Professional,199.0,71.9,1,Canada
TX-CUST-00090-02,CUST-00090,2024-07-11,RENEWAL,Enterprise,899.0,92.8,0,India
TX-CUST-00045-01,CUST-00045,2024-07-11,UPGRADE,Professional,199.0,92.0,1,Australia
TX-CUST-00268-00,CUST-00268,2024-07-11,NEW_SIGNUP,Starter,49.0,64.8,2,Germany
TX-CUST-00047-00,CUST-00047,2024-07-11,NEW_SIGNUP,Professional,199.0,87.8,0,Canada
TX-CUST-00244-02,CUST-00244,2024-07-11,RENEWAL,Starter,49.0,94.2,1,Australia
TX-CUST-00273-00,CUST-00273,2024-07-12,NEW_SIGNUP,Enterprise,899.0,54.2,2,Canada
TX-CUST-00129-03,CUST-00129,2024-07-12,RENEWAL,Starter,49.0,95.3,1,Germany
TX-CUST-00118-02,CUST-00118,2024-07-12,RENEWAL,Starter,49.0,51.4,0,Canada
TX-CUST-00255-00,CUST-00255,2024-07-12,NEW_SIGNUP,Professional,199.0,68.6,2,Canada
TX-CUST-00171-03,CUST-00171,2024-07-12,RENEWAL,Enterprise,899.0,62.1,1,UK
TX-CUST-00028-05,CUST-00028,2024-07-12,RENEWAL,Enterprise,899.0,54.5,0,Australia
TX-CUST-00036-02,CUST-00036,2024-07-12,RENEWAL,Professional,199.0,66.6,0,Canada
TX-CUST-00009-01,CUST-00009,2024-07-12,RENEWAL,Professional,199.0,53.0,0,USA
TX-CUST-00123-02,CUST-00123,2024-07-12,RENEWAL,Starter,49.0,68.7,0,India
TX-CUST-00098-03,CUST-00098,2024-07-13,RENEWAL,Professional,199.0,92.1,1,Germany
TX-CUST-00127-05,CUST-00127,2024-07-13,RENEWAL,Professional,199.0,79.0,1,India
TX-CUST-00122-03,CUST-00122,2024-07-13,RENEWAL,Starter,49.0,85.4,1,India
TX-CUST-00060-04,CUST-00060,2024-07-13,RENEWAL,Starter,49.0,92.3,0,USA
TX-CUST-00219-04,CUST-00219,2024-07-13,RENEWAL,Professional,199.0,55.6,1,Germany
TX-CUST-00141-05,CUST-00141,2024-07-14,RENEWAL,Starter,49.0,80.4,0,USA
TX-CUST-00261-00,CUST-00261,2024-07-14,NEW_SIGNUP,Starter,49.0,71.0,1,Australia
TX-CUST-00003-03,CUST-00003,2024-07-14,RENEWAL,Enterprise,899.0,70.3,1,Australia
TX-CUST-00149-05,CUST-00149,2024-07-14,RENEWAL,Starter,49.0,65.1,1,UK
TX-CUST-00059-05,CUST-00059,2024-07-14,RENEWAL,Professional,199.0,70.0,1,India
TX-CUST-00135-01,CUST-00135,2024-07-14,RENEWAL,Professional,199.0,47.4,0,UK
TX-CUST-00216-04,CUST-00216,2024-07-14,RENEWAL,Enterprise,899.0,87.4,1,UK
TX-CUST-00020-01,CUST-00020,2024-07-15,RENEWAL,Professional,199.0,80.9,1,Canada
TX-CUST-00164-04,CUST-00164,2024-07-15,RENEWAL,Professional,199.0,50.3,2,UK
TX-CUST-00195-04,CUST-00195,2024-07-15,RENEWAL,Professional,199.0,71.6,2,UK
TX-CUST-00041-00,CUST-00041,2024-07-15,NEW_SIGNUP,Enterprise,899.0,86.2,1,Canada
TX-CUST-00287-03,CUST-00287,2024-07-15,RENEWAL,Enterprise,899.0,73.0,0,USA
TX-CUST-00232-04,CUST-00232,2024-07-15,RENEWAL,Starter,49.0,79.1,2,USA
TX-CUST-00179-00,CUST-00179,2024-07-15,NEW_SIGNUP,Professional,199.0,50.4,2,USA
TX-CUST-00156-01,CUST-00156,2024-07-15,RENEWAL,Enterprise,899.0,80.8,2,USA
TX-CUST-00229-02,CUST-00229,2024-07-15,RENEWAL,Professional,199.0,80.9,0,India
TX-CUST-00263-03,CUST-00263,2024-07-16,RENEWAL,Professional,199.0,79.7,1,UK
TX-CUST-00152-02,CUST-00152,2024-07-16,RENEWAL,Starter,49.0,54.3,2,USA
TX-CUST-00066-01,CUST-00066,2024-07-16,RENEWAL,Starter,49.0,72.1,2,India
TX-CUST-00256-01,CUST-00256,2024-07-16,RENEWAL,Starter,49.0,60.8,2,UK
TX-CUST-00295-03,CUST-00295,2024-07-16,RENEWAL,Starter,49.0,48.1,1,UK
TX-CUST-00092-02,CUST-00092,2024-07-16,RENEWAL,Starter,49.0,92.8,1,UK
TX-CUST-00223-00,CUST-00223,2024-07-16,NEW_SIGNUP,Starter,49.0,85.8,2,Germany
TX-CUST-00120-00,CUST-00120,2024-07-16,NEW_SIGNUP,Professional,199.0,71.0,0,Australia
TX-CUST-00185-06,CUST-00185,2024-07-16,RENEWAL,Starter,49.0,59.8,2,Australia
TX-CUST-00182-03,CUST-00182,2024-07-17,RENEWAL,Starter,49.0,59.1,1,Australia
TX-CUST-00177-01,CUST-00177,2024-07-17,RENEWAL,Professional,199.0,61.8,1,UK
TX-CUST-00170-05,CUST-00170,2024-07-17,RENEWAL,Starter,49.0,92.2,2,India
TX-CUST-00208-03,CUST-00208,2024-07-17,RENEWAL,Professional,199.0,96.7,1,India
TX-CUST-00249-01,CUST-00249,2024-07-17,RENEWAL,Professional,199.0,52.2,1,USA
TX-CUST-00026-06,CUST-00026,2024-07-17,RENEWAL,Professional,199.0,52.7,1,India
TX-CUST-00099-03,CUST-00099,2024-07-17,RENEWAL,Enterprise,899.0,68.2,1,Canada
TX-CUST-00087-03,CUST-00087,2024-07-17,RENEWAL,Professional,199.0,48.0,0,Australia
TX-CUST-00048-00,CUST-00048,2024-07-17,NEW_SIGNUP,Starter,49.0,69.3,2,Australia
TX-CUST-00296-05,CUST-00296,2024-07-17,RENEWAL,Enterprise,899.0,71.9,0,Germany
TX-CUST-00119-01,CUST-00119,2024-07-18,RENEWAL,Starter,49.0,46.0,2,India
TX-CUST-00137-03,CUST-00137,2024-07-18,RENEWAL,Starter,49.0,98.1,2,USA
TX-CUST-00196-00,CUST-00196,2024-07-18,NEW_SIGNUP,Starter,49.0,86.5,2,USA
TX-CUST-00173-02,CUST-00173,2024-07-18,RENEWAL,Professional,199.0,67.4,1,Germany
TX-CUST-00012-02,CUST-00012,2024-07-18,RENEWAL,Starter,49.0,78.4,0,UK
TX-CUST-00084-00,CUST-00084,2024-07-18,NEW_SIGNUP,Starter,49.0,97.6,0,Australia
TX-CUST-00128-01,CUST-00128,2024-07-19,RENEWAL,Starter,49.0,60.5,2,UK
TX-CUST-00144-02,CUST-00144,2024-07-19,RENEWAL,Starter,49.0,55.4,0,Canada
TX-CUST-00103-01,CUST-00103,2024-07-19,RENEWAL,Starter,49.0,51.1,1,Canada
TX-CUST-00021-01,CUST-00021,2024-07-19,RENEWAL,Starter,49.0,60.4,1,Canada
TX-CUST-00068-06,CUST-00068,2024-07-19,RENEWAL,Professional,199.0,70.9,0,Canada
TX-CUST-00231-02-CHURN,CUST-00231,2024-07-19,CHURN,Starter,0.0,26.5,8,India
TX-CUST-00298-00,CUST-00298,2024-07-19,NEW_SIGNUP,Professional,199.0,61.6,2,Germany
TX-CUST-00300-00,CUST-00300,2024-07-20,NEW_SIGNUP,Starter,49.0,75.5,2,India
TX-CUST-00280-03,CUST-00280,2024-07-20,RENEWAL,Starter,49.0,81.2,1,Canada
TX-CUST-00142-03,CUST-00142,2024-07-20,UPGRADE,Professional,199.0,61.5,1,Canada
TX-CUST-00240-03,CUST-00240,2024-07-20,RENEWAL,Starter,49.0,54.7,0,USA
TX-CUST-00246-02,CUST-00246,2024-07-20,RENEWAL,Professional,199.0,49.8,1,Germany
TX-CUST-00110-01,CUST-00110,2024-07-20,UPGRADE,Professional,199.0,58.6,2,Canada
TX-CUST-00161-01,CUST-00161,2024-07-20,RENEWAL,Professional,199.0,48.2,1,UK
TX-CUST-00284-00,CUST-00284,2024-07-20,NEW_SIGNUP,Enterprise,899.0,59.6,2,India
TX-CUST-00073-00,CUST-00073,2024-07-20,NEW_SIGNUP,Professional,199.0,81.3,1,USA
TX-CUST-00011-06,CUST-00011,2024-07-20,RENEWAL,Starter,49.0,67.1,1,India
TX-CUST-00030-00,CUST-00030,2024-07-20,NEW_SIGNUP,Enterprise,899.0,70.5,2,Australia
TX-CUST-00074-02,CUST-00074,2024-07-21,RENEWAL,Professional,199.0,75.5,1,Australia
TX-CUST-00270-04,CUST-00270,2024-07-21,RENEWAL,Starter,49.0,75.3,2,UK
TX-CUST-00202-04,CUST-00202,2024-07-21,RENEWAL,Starter,49.0,78.6,1,India
TX-CUST-00061-00,CUST-00061,2024-07-21,NEW_SIGNUP,Starter,49.0,56.1,0,Australia
TX-CUST-00227-03,CUST-00227,2024-07-21,RENEWAL,Starter,49.0,82.6,2,India
TX-CUST-00163-03,CUST-00163,2024-07-21,RENEWAL,Professional,199.0,66.1,0,India
TX-CUST-00278-04,CUST-00278,2024-07-21,RENEWAL,Enterprise,899.0,75.6,1,UK
TX-CUST-00082-01,CUST-00082,2024-07-22,RENEWAL,Starter,49.0,53.1,0,Australia
TX-CUST-00124-04,CUST-00124,2024-07-22,RENEWAL,Starter,49.0,82.5,1,Australia
TX-CUST-00132-00,CUST-00132,2024-07-22,NEW_SIGNUP,Starter,49.0,84.8,0,UK
TX-CUST-00035-03,CUST-00035,2024-07-22,RENEWAL,Professional,199.0,60.6,0,USA
TX-CUST-00213-02,CUST-00213,2024-07-22,RENEWAL,Professional,199.0,82.4,2,Australia
TX-CUST-00143-04,CUST-00143,2024-07-22,RENEWAL,Professional,199.0,78.0,1,Australia
TX-CUST-00206-02,CUST-00206,2024-07-22,RENEWAL,Enterprise,899.0,83.4,1,USA
TX-CUST-00201-01,CUST-00201,2024-07-22,RENEWAL,Starter,49.0,90.0,0,Germany
TX-CUST-00257-06,CUST-00257,2024-07-22,RENEWAL,Enterprise,899.0,75.8,2,UK
TX-CUST-00076-02,CUST-00076,2024-07-22,RENEWAL,Starter,49.0,84.6,2,Canada
TX-CUST-00291-02,CUST-00291,2024-07-22,RENEWAL,Enterprise,899.0,81.7,1,UK
TX-CUST-00241-02,CUST-00241,2024-07-22,RENEWAL,Starter,49.0,49.8,1,India
TX-CUST-00221-04,CUST-00221,2024-07-22,RENEWAL,Starter,49.0,61.5,0,USA
TX-CUST-00252-05,CUST-00252,2024-07-23,RENEWAL,Enterprise,899.0,79.8,1,USA
TX-CUST-00054-05,CUST-00054,2024-07-23,RENEWAL,Professional,199.0,81.5,2,India
TX-CUST-00167-05,CUST-00167,2024-07-23,RENEWAL,Starter,49.0,86.1,0,Germany
TX-CUST-00189-00,CUST-00189,2024-07-23,NEW_SIGNUP,Professional,199.0,58.7,1,Germany
TX-CUST-00220-00,CUST-00220,2024-07-23,NEW_SIGNUP,Professional,199.0,86.6,1,Germany
TX-CUST-00107-00,CUST-00107,2024-07-23,NEW_SIGNUP,Professional,199.0,80.6,2,UK
TX-CUST-00051-02,CUST-00051,2024-07-23,RENEWAL,Starter,49.0,77.3,2,India
TX-CUST-00254-04,CUST-00254,2024-07-23,UPGRADE,Enterprise,899.0,74.7,1,Australia
TX-CUST-00079-01,CUST-00079,2024-07-23,RENEWAL,Starter,49.0,65.7,1,Germany
TX-CUST-00165-03,CUST-00165,2024-07-23,RENEWAL,Starter,49.0,49.8,1,Germany
TX-CUST-00088-00,CUST-00088,2024-07-24,NEW_SIGNUP,Professional,199.0,96.2,2,UK
TX-CUST-00033-06,CUST-00033,2024-07-24,RENEWAL,Professional,199.0,53.2,1,USA
TX-CUST-00275-00,CUST-00275,2024-07-24,NEW_SIGNUP,Professional,199.0,59.8,0,India
TX-CUST-00108-01,CUST-00108,2024-07-24,RENEWAL,Enterprise,899.0,83.4,0,Australia
TX-CUST-00264-02,CUST-00264,2024-07-24,RENEWAL,Professional,199.0,97.7,2,USA
TX-CUST-00064-02,CUST-00064,2024-07-24,RENEWAL,Starter,49.0,61.9,0,Australia
TX-CUST-00078-01,CUST-00078,2024-07-24,RENEWAL,Professional,199.0,73.0,1,USA
TX-CUST-00233-00,CUST-00233,2024-07-24,NEW_SIGNUP,Enterprise,899.0,89.0,1,India
TX-CUST-00243-00,CUST-00243,2024-07-24,NEW_SIGNUP,Starter,49.0,91.5,2,UK
TX-CUST-00013-00,CUST-00013,2024-07-24,NEW_SIGNUP,Starter,49.0,83.8,1,Canada
TX-CUST-00130-00,CUST-00130,2024-07-25,NEW_SIGNUP,Enterprise,899.0,70.3,0,India
TX-CUST-00004-02,CUST-00004,2024-07-25,RENEWAL,Starter,49.0,98.2,1,UK
TX-CUST-00197-03,CUST-00197,2024-07-25,RENEWAL,Professional,199.0,58.8,0,Canada
TX-CUST-00072-00,CUST-00072,2024-07-25,NEW_SIGNUP,Starter,49.0,64.8,0,Canada
TX-CUST-00204-05,CUST-00204,2024-07-25,RENEWAL,Professional,199.0,92.2,2,India
TX-CUST-00271-06,CUST-00271,2024-07-25,RENEWAL,Enterprise,899.0,64.0,2,Canada
TX-CUST-00038-03,CUST-00038,2024-07-25,RENEWAL,Enterprise,899.0,86.8,2,Australia
TX-CUST-00139-02,CUST-00139,2024-07-25,RENEWAL,Enterprise,899.0,77.5,0,India
TX-CUST-00039-06,CUST-00039,2024-07-25,RENEWAL,Professional,199.0,90.6,0,Australia
TX-CUST-00055-04,CUST-00055,2024-07-25,RENEWAL,Enterprise,899.0,62.3,2,USA
TX-CUST-00083-02,CUST-00083,2024-07-26,RENEWAL,Professional,199.0,73.6,0,Canada
TX-CUST-00070-06,CUST-00070,2024-07-26,RENEWAL,Starter,49.0,47.4,2,USA
TX-CUST-00224-03,CUST-00224,2024-07-26,RENEWAL,Starter,49.0,73.2,2,India
TX-CUST-00126-05,CUST-00126,2024-07-26,RENEWAL,Starter,49.0,62.0,0,USA
TX-CUST-00190-06,CUST-00190,2024-07-26,RENEWAL,Professional,199.0,53.5,2,India
TX-CUST-00265-02,CUST-00265,2024-07-26,RENEWAL,Professional,199.0,67.0,2,Australia
TX-CUST-00245-00,CUST-00245,2024-07-26,NEW_SIGNUP,Starter,49.0,77.0,1,UK
TX-CUST-00024-01,CUST-00024,2024-07-26,RENEWAL,Starter,49.0,55.3,2,Australia
TX-CUST-00286-06,CUST-00286,2024-07-26,RENEWAL,Professional,199.0,88.4,0,India
TX-CUST-00214-06,CUST-00214,2024-07-27,RENEWAL,Enterprise,899.0,47.9,1,Australia
TX-CUST-00174-05,CUST-00174,2024-07-27,RENEWAL,Professional,199.0,45.1,1,Germany
TX-CUST-00050-00,CUST-00050,2024-07-27,NEW_SIGNUP,Professional,199.0,48.9,0,UK
TX-CUST-00081-00,CUST-00081,2024-07-27,NEW_SIGNUP,Professional,199.0,51.9,1,India
TX-CUST-00094-05,CUST-00094,2024-07-28,UPGRADE,Enterprise,899.0,62.9,0,USA
TX-CUST-00186-01,CUST-00186,2024-07-28,RENEWAL,Professional,199.0,48.2,0,Germany
TX-CUST-00191-00,CUST-00191,2024-07-28,NEW_SIGNUP,Professional,199.0,87.8,1,Canada
TX-CUST-00277-05,CUST-00277,2024-07-28,RENEWAL,Starter,49.0,68.2,2,Germany
TX-CUST-00008-03,CUST-00008,2024-07-28,RENEWAL,Professional,199.0,79.3,1,USA
TX-CUST-00235-05,CUST-00235,2024-07-29,UPGRADE,Enterprise,899.0,66.7,0,USA
TX-CUST-00043-03,CUST-00043,2024-07-29,RENEWAL,Professional,199.0,98.0,1,India
TX-CUST-00105-02,CUST-00105,2024-07-29,RENEWAL,Professional,199.0,88.3,1,USA
TX-CUST-00029-01,CUST-00029,2024-07-29,RENEWAL,Starter,49.0,64.8,1,USA
TX-CUST-00290-02,CUST-00290,2024-07-29,RENEWAL,Enterprise,899.0,86.2,1,Canada
TX-CUST-00288-02,CUST-00288,2024-07-30,RENEWAL,Professional,199.0,48.6,0,Australia
TX-CUST-00168-05,CUST-00168,2024-07-30,RENEWAL,Professional,199.0,46.3,1,Canada
TX-CUST-00125-01,CUST-00125,2024-07-30,RENEWAL,Professional,199.0,64.1,2,USA
TX-CUST-00093-04,CUST-00093,2024-07-31,RENEWAL,Starter,49.0,98.2,0,UK
TX-CUST-00049-03,CUST-00049,2024-07-31,RENEWAL,Professional,199.0,96.7,1,UK
TX-CUST-00148-03,CUST-00148,2024-07-31,UPGRADE,Enterprise,899.0,51.4,0,Australia
TX-CUST-00016-01,CUST-00016,2024-07-31,RENEWAL,Professional,199.0,55.8,0,Australia
TX-CUST-00150-03,CUST-00150,2024-07-31,RENEWAL,Professional,199.0,49.7,1,USA
TX-CUST-00147-03,CUST-00147,2024-07-31,RENEWAL,Starter,49.0,87.5,0,Canada
TX-CUST-00260-06,CUST-00260,2024-08-01,RENEWAL,Starter,49.0,49.9,0,UK
TX-CUST-00212-02,CUST-00212,2024-08-01,RENEWAL,Starter,49.0,55.3,2,India
TX-CUST-00001-02,CUST-00001,2024-08-01,RENEWAL,Starter,49.0,67.7,1,Australia
TX-CUST-00225-02-CHURN,CUST-00225,2024-08-01,CHURN,Professional,0.0,5.4,4,India
TX-CUST-00293-05,CUST-00293,2024-08-01,RENEWAL,Professional,199.0,83.0,0,Germany
TX-CUST-00116-02,CUST-00116,2024-08-01,RENEWAL,Professional,199.0,60.7,1,Australia
TX-CUST-00022-04,CUST-00022,2024-08-01,RENEWAL,Professional,199.0,74.8,0,USA
TX-CUST-00184-01,CUST-00184,2024-08-01,RENEWAL,Professional,199.0,97.4,2,India
TX-CUST-00153-01,CUST-00153,2024-08-01,RENEWAL,Professional,199.0,62.1,2,India
TX-CUST-00215-01,CUST-00215,2024-08-02,RENEWAL,Starter,49.0,47.8,1,Canada
TX-CUST-00065-05,CUST-00065,2024-08-02,RENEWAL,Starter,49.0,79.4,2,Canada
TX-CUST-00218-01,CUST-00218,2024-08-02,RENEWAL,Enterprise,899.0,92.7,2,Germany
TX-CUST-00146-02,CUST-00146,2024-08-02,RENEWAL,Starter,49.0,47.8,1,Germany
TX-CUST-00203-02,CUST-00203,2024-08-02,RENEWAL,Professional,199.0,68.8,2,Canada
TX-CUST-00248-06,CUST-00248,2024-08-02,RENEWAL,Starter,49.0,85.3,2,Canada
TX-CUST-00200-07,CUST-00200,2024-08-02,RENEWAL,Enterprise,899.0,45.9,0,USA
TX-CUST-00154-03,CUST-00154,2024-08-02,RENEWAL,Starter,49.0,60.6,2,UK
TX-CUST-00106-01,CUST-00106,2024-08-02,RENEWAL,Professional,199.0,69.4,0,India
TX-CUST-00109-03,CUST-00109,2024-08-02,RENEWAL,Starter,49.0,87.4,2,Germany
TX-CUST-00222-06,CUST-00222,2024-08-02,RENEWAL,Starter,49.0,68.3,1,India
TX-CUST-00226-02,CUST-00226,2024-08-03,RENEWAL,Starter,49.0,64.3,0,USA
TX-CUST-00113-03,CUST-00113,2024-08-03,RENEWAL,Professional,199.0,79.2,1,India
TX-CUST-00158-01,CUST-00158,2024-08-03,RENEWAL,Enterprise,899.0,63.6,2,Germany
TX-CUST-00175-01,CUST-00175,2024-08-03,RENEWAL,Starter,49.0,64.3,0,Germany
TX-CUST-00145-07,CUST-00145,2024-08-03,RENEWAL,Enterprise,899.0,95.6,2,Australia
TX-CUST-00138-03,CUST-00138,2024-08-03,RENEWAL,Enterprise,899.0,75.7,0,India
TX-CUST-00023-07,CUST-00023,2024-08-03,RENEWAL,Professional,199.0,97.4,1,Australia
TX-CUST-00006-06,CUST-00006,2024-08-03,RENEWAL,Starter,49.0,92.2,0,Canada
TX-CUST-00262-04,CUST-00262,2024-08-03,RENEWAL,Enterprise,899.0,96.2,1,Canada
TX-CUST-00140-01,CUST-00140,2024-08-03,RENEWAL,Professional,199.0,68.2,2,Australia
TX-CUST-00111-07,CUST-00111,2024-08-04,RENEWAL,Enterprise,899.0,86.6,2,Australia
TX-CUST-00193-02,CUST-00193,2024-08-04,RENEWAL,Starter,49.0,66.5,0,India
TX-CUST-00160-03,CUST-00160,2024-08-04,RENEWAL,Enterprise,899.0,97.2,0,India
TX-CUST-00097-04,CUST-00097,2024-08-04,RENEWAL,Professional,199.0,59.1,2,India
TX-CUST-00053-01,CUST-00053,2024-08-04,RENEWAL,Starter,49.0,53.0,2,UK
TX-CUST-00115-03,CUST-00115,2024-08-05,RENEWAL,Professional,199.0,90.5,0,Australia
TX-CUST-00250-04,CUST-00250,2024-08-05,RENEWAL,Enterprise,899.0,65.2,1,Canada
TX-CUST-00169-01,CUST-00169,2024-08-05,DOWNGRADE,Professional,199.0,78.9,1,India
TX-CUST-00032-02,CUST-00032,2024-08-05,RENEWAL,Professional,199.0,87.6,2,USA
TX-CUST-00151-07,CUST-00151,2024-08-05,RENEWAL,Professional,199.0,66.2,2,India
TX-CUST-00077-01,CUST-00077,2024-08-05,RENEWAL,Starter,49.0,59.8,2,Germany
TX-CUST-00080-05,CUST-00080,2024-08-05,RENEWAL,Professional,199.0,79.7,1,India
TX-CUST-00279-05,CUST-00279,2024-08-05,RENEWAL,Enterprise,899.0,88.9,2,USA
TX-CUST-00067-07,CUST-00067,2024-08-06,RENEWAL,Professional,199.0,81.7,2,Canada
TX-CUST-00114-01,CUST-00114,2024-08-06,RENEWAL,Starter,49.0,50.3,2,Australia
TX-CUST-00297-04,CUST-00297,2024-08-06,RENEWAL,Professional,199.0,59.0,1,Canada
TX-CUST-00172-01,CUST-00172,2024-08-06,RENEWAL,Starter,49.0,55.6,0,Australia
TX-CUST-00289-03,CUST-00289,2024-08-06,UPGRADE,Enterprise,899.0,80.5,1,USA
TX-CUST-00025-01,CUST-00025,2024-08-06,RENEWAL,Enterprise,899.0,88.8,1,India
TX-CUST-00002-03,CUST-00002,2024-08-06,RENEWAL,Enterprise,899.0,53.8,1,UK
TX-CUST-00210-07,CUST-00210,2024-08-06,RENEWAL,Starter,49.0,79.1,2,Australia
TX-CUST-00259-06,CUST-00259,2024-08-06,RENEWAL,Professional,199.0,83.6,0,Canada
TX-CUST-00010-02,CUST-00010,2024-08-06,RENEWAL,Professional,199.0,88.3,2,UK
TX-CUST-00069-04,CUST-00069,2024-08-06,RENEWAL,Professional,199.0,73.9,2,Canada
TX-CUST-00134-04,CUST-00134,2024-08-06,RENEWAL,Professional,199.0,59.2,1,Canada
TX-CUST-00251-02,CUST-00251,2024-08-07,RENEWAL,Enterprise,899.0,51.8,1,Australia
TX-CUST-00131-05,CUST-00131,2024-08-07,RENEWAL,Professional,199.0,48.0,1,USA
TX-CUST-00258-02,CUST-00258,2024-08-07,RENEWAL,Starter,49.0,45.6,0,Canada
TX-CUST-00075-03,CUST-00075,2024-08-07,RENEWAL,Professional,199.0,81.5,1,UK
TX-CUST-00085-04,CUST-00085,2024-08-07,UPGRADE,Enterprise,899.0,98.1,0,UK
TX-CUST-00044-05,CUST-00044,2024-08-07,RENEWAL,Starter,49.0,62.3,0,Germany
TX-CUST-00238-02,CUST-00238,2024-08-08,RENEWAL,Starter,49.0,65.5,2,USA
TX-CUST-00244-03-CHURN,CUST-00244,2024-08-08,CHURN,Starter,0.0,5.9,4,Germany
TX-CUST-00239-03,CUST-00239,2024-08-08,RENEWAL,Starter,49.0,84.7,0,Canada
TX-CUST-00102-03,CUST-00102,2024-08-09,RENEWAL,Professional,199.0,57.7,0,India
TX-CUST-00299-07,CUST-00299,2024-08-09,RENEWAL,Enterprise,899.0,87.6,1,Canada
TX-CUST-00217-06,CUST-00217,2024-08-09,RENEWAL,Starter,49.0,94.7,2,Australia
TX-CUST-00285-02,CUST-00285,2024-08-09,RENEWAL,Professional,199.0,53.8,1,Germany
TX-CUST-00014-06,CUST-00014,2024-08-09,RENEWAL,Starter,49.0,98.0,2,USA
TX-CUST-00268-01,CUST-00268,2024-08-09,RENEWAL,Starter,49.0,69.3,2,USA
TX-CUST-00007-02,CUST-00007,2024-08-09,RENEWAL,Starter,49.0,76.3,0,Australia
TX-CUST-00047-01,CUST-00047,2024-08-09,RENEWAL,Professional,199.0,70.2,2,UK
TX-CUST-00236-02,CUST-00236,2024-08-09,RENEWAL,Enterprise,899.0,52.7,2,Australia
TX-CUST-00181-02,CUST-00181,2024-08-10,RENEWAL,Starter,49.0,77.1,1,USA
TX-CUST-00122-04,CUST-00122,2024-08-10,RENEWAL,Starter,49.0,88.2,2,India
TX-CUST-00045-02,CUST-00045,2024-08-10,RENEWAL,Professional,199.0,49.1,2,Canada
TX-CUST-00062-03,CUST-00062,2024-08-10,RENEWAL,Starter,49.0,79.7,1,Australia
TX-CUST-00273-01,CUST-00273,2024-08-10,RENEWAL,Enterprise,899.0,78.3,1,USA
TX-CUST-00003-04,CUST-00003,2024-08-10,RENEWAL,Enterprise,899.0,85.5,2,Germany
TX-CUST-00171-04,CUST-00171,2024-08-11,RENEWAL,Enterprise,899.0,51.6,0,Canada
TX-CUST-00195-05,CUST-00195,2024-08-11,RENEWAL,Professional,199.0,90.1,2,Australia
TX-CUST-00287-04,CUST-00287,2024-08-11,RENEWAL,Enterprise,899.0,77.1,1,Australia
TX-CUST-00028-06,CUST-00028,2024-08-12,RENEWAL,Enterprise,899.0,58.9,1,Germany
TX-CUST-00261-01,CUST-00261,2024-08-12,RENEWAL,Starter,49.0,94.8,1,Canada
TX-CUST-00059-06,CUST-00059,2024-08-12,RENEWAL,Professional,199.0,76.2,0,Canada
TX-CUST-00129-04,CUST-00129,2024-08-12,RENEWAL,Starter,49.0,52.1,0,USA
TX-CUST-00090-03,CUST-00090,2024-08-12,RENEWAL,Enterprise,899.0,48.7,1,USA
TX-CUST-00118-03,CUST-00118,2024-08-12,RENEWAL,Starter,49.0,56.4,0,India
TX-CUST-00098-04,CUST-00098,2024-08-12,RENEWAL,Professional,199.0,70.4,2,Australia
TX-CUST-00135-02,CUST-00135,2024-08-13,RENEWAL,Professional,199.0,75.8,1,India
TX-CUST-00164-05,CUST-00164,2024-08-13,RENEWAL,Professional,199.0,88.2,0,USA
TX-CUST-00009-02,CUST-00009,2024-08-13,RENEWAL,Professional,199.0,47.2,1,UK
TX-CUST-00036-03,CUST-00036,2024-08-13,RENEWAL,Professional,199.0,49.1,2,USA
TX-CUST-00229-03,CUST-00229,2024-08-13,RENEWAL,Professional,199.0,68.9,0,USA
TX-CUST-00127-06,CUST-00127,2024-08-13,RENEWAL,Professional,199.0,88.7,1,USA
TX-CUST-00255-01,CUST-00255,2024-08-13,RENEWAL,Professional,199.0,54.9,0,Australia
TX-CUST-00123-03,CUST-00123,2024-08-13,RENEWAL,Starter,49.0,82.7,2,UK
TX-CUST-00232-05,CUST-00232,2024-08-14,RENEWAL,Starter,49.0,58.7,2,Australia
TX-CUST-00219-05,CUST-00219,2024-08-14,RENEWAL,Professional,199.0,55.3,2,UK
TX-CUST-00216-05,CUST-00216,2024-08-14,RENEWAL,Enterprise,899.0,62.9,2,Australia
TX-CUST-00084-01,CUST-00084,2024-08-14,RENEWAL,Starter,49.0,66.3,2,Australia
TX-CUST-00296-06,CUST-00296,2024-08-15,RENEWAL,Enterprise,899.0,48.2,2,Canada
TX-CUST-00152-03,CUST-00152,2024-08-15,RENEWAL,Starter,49.0,50.3,1,UK
TX-CUST-00020-02,CUST-00020,2024-08-15,RENEWAL,Professional,199.0,83.0,1,Germany
TX-CUST-00179-01,CUST-00179,2024-08-15,RENEWAL,Professional,199.0,54.3,2,USA
TX-CUST-00208-04,CUST-00208,2024-08-15,RENEWAL,Professional,199.0,75.9,2,Germany
TX-CUST-00149-06-CHURN,CUST-00149,2024-08-15,CHURN,Starter,0.0,10.1,3,Canada
TX-CUST-00041-01,CUST-00041,2024-08-15,RENEWAL,Enterprise,899.0,94.2,1,Germany
TX-CUST-00170-06,CUST-00170,2024-08-15,RENEWAL,Starter,49.0,52.1,1,Canada
TX-CUST-00263-04,CUST-00263,2024-08-15,RENEWAL,Professional,199.0,50.9,0,Germany
TX-CUST-00120-01,CUST-00120,2024-08-15,RENEWAL,Professional,199.0,80.1,2,Canada
TX-CUST-00156-02,CUST-00156,2024-08-16,RENEWAL,Enterprise,899.0,45.6,1,Australia
TX-CUST-00119-02,CUST-00119,2024-08-16,RENEWAL,Starter,49.0,70.5,1,UK
TX-CUST-00099-04,CUST-00099,2024-08-16,RENEWAL,Enterprise,899.0,65.1,0,Germany
TX-CUST-00066-02,CUST-00066,2024-08-16,RENEWAL,Starter,49.0,50.2,0,UK
TX-CUST-00128-02,CUST-00128,2024-08-16,RENEWAL,Starter,49.0,78.1,1,USA
TX-CUST-00256-02,CUST-00256,2024-08-16,RENEWAL,Starter,49.0,79.7,0,UK
TX-CUST-00021-02,CUST-00021,2024-08-17,RENEWAL,Starter,49.0,70.8,0,Canada
TX-CUST-00295-04,CUST-00295,2024-08-17,UPGRADE,Professional,199.0,80.4,0,Germany
TX-CUST-00144-03,CUST-00144,2024-08-17,RENEWAL,Starter,49.0,81.3,0,UK
TX-CUST-00223-01,CUST-00223,2024-08-18,RENEWAL,Starter,49.0,72.3,1,USA
TX-CUST-00048-01,CUST-00048,2024-08-18,RENEWAL,Starter,49.0,74.8,2,UK
TX-CUST-00177-02,CUST-00177,2024-08-18,RENEWAL,Professional,199.0,63.5,2,Germany
TX-CUST-00202-05,CUST-00202,2024-08-18,RENEWAL,Starter,49.0,77.7,0,Canada
TX-CUST-00278-05,CUST-00278,2024-08-18,RENEWAL,Enterprise,899.0,50.6,1,India
TX-CUST-00185-07,CUST-00185,2024-08-18,RENEWAL,Starter,49.0,89.5,2,Germany
TX-CUST-00012-03-CHURN,CUST-00012,2024-08-18,CHURN,Starter,0.0,11.1,6,Australia
TX-CUST-00074-03,CUST-00074,2024-08-18,RENEWAL,Professional,199.0,98.5,2,USA
TX-CUST-00087-04,CUST-00087,2024-08-18,RENEWAL,Professional,199.0,54.5,2,Germany
TX-CUST-00249-02,CUST-00249,2024-08-18,RENEWAL,Professional,199.0,63.2,2,UK
TX-CUST-00196-01,CUST-00196,2024-08-18,UPGRADE,Professional,199.0,81.8,2,USA
TX-CUST-00227-04,CUST-00227,2024-08-19,RENEWAL,Starter,49.0,62.2,2,Canada
TX-CUST-00061-01,CUST-00061,2024-08-19,RENEWAL,Starter,49.0,92.1,0,India
TX-CUST-00284-01,CUST-00284,2024-08-19,RENEWAL,Enterprise,899.0,56.9,0,Germany
TX-CUST-00068-07,CUST-00068,2024-08-19,RENEWAL,Professional,199.0,76.1,0,Germany
TX-CUST-00246-03-CHURN,CUST-00246,2024-08-20,CHURN,Professional,0.0,14.4,4,Canada
TX-CUST-00030-01,CUST-00030,2024-08-20,RENEWAL,Enterprise,899.0,48.4,1,India
TX-CUST-00110-02,CUST-00110,2024-08-20,RENEWAL,Professional,199.0,85.8,2,India
TX-CUST-00201-02,CUST-00201,2024-08-20,RENEWAL,Starter,49.0,67.4,1,India
TX-CUST-00076-03,CUST-00076,2024-08-20,RENEWAL,Starter,49.0,97.3,0,Canada
TX-CUST-00280-04,CUST-00280,2024-08-20,RENEWAL,Starter,49.0,86.1,2,Germany
TX-CUST-00103-02,CUST-00103,2024-08-20,RENEWAL,Starter,49.0,67.8,0,USA
TX-CUST-00073-01,CUST-00073,2024-08-20,RENEWAL,Professional,199.0,82.4,2,Canada
TX-CUST-00142-04,CUST-00142,2024-08-20,UPGRADE,Enterprise,899.0,64.2,1,UK
TX-CUST-00078-02,CUST-00078,2024-08-20,RENEWAL,Professional,199.0,67.8,0,Canada
TX-CUST-00298-01,CUST-00298,2024-08-20,RENEWAL,Professional,199.0,45.9,0,Canada
TX-CUST-00206-03,CUST-00206,2024-08-20,RENEWAL,Enterprise,899.0,69.1,1,India
TX-CUST-00291-03,CUST-00291,2024-08-21,RENEWAL,Enterprise,899.0,65.7,1,USA
TX-CUST-00033-07,CUST-00033,2024-08-21,RENEWAL,Professional,199.0,84.9,0,Australia
TX-CUST-00213-03-CHURN,CUST-00213,2024-08-21,CHURN,Professional,0.0,15.7,8,India
TX-CUST-00055-05,CUST-00055,2024-08-21,RENEWAL,Enterprise,899.0,90.9,0,UK
TX-CUST-00300-01,CUST-00300,2024-08-21,RENEWAL,Starter,49.0,92.4,0,Australia
TX-CUST-00011-07,CUST-00011,2024-08-21,RENEWAL,Starter,49.0,65.5,2,UK
TX-CUST-00064-03,CUST-00064,2024-08-21,RENEWAL,Starter,49.0,76.5,2,Canada
TX-CUST-00241-03,CUST-00241,2024-08-21,RENEWAL,Starter,49.0,51.5,0,USA
TX-CUST-00221-05,CUST-00221,2024-08-22,UPGRADE,Professional,199.0,71.4,0,UK
TX-CUST-00124-05,CUST-00124,2024-08-22,RENEWAL,Starter,49.0,69.8,1,Australia
TX-CUST-00243-01,CUST-00243,2024-08-22,RENEWAL,Starter,49.0,51.6,0,Australia
TX-CUST-00167-06,CUST-00167,2024-08-22,RENEWAL,Starter,49.0,54.2,2,UK
TX-CUST-00035-04,CUST-00035,2024-08-22,RENEWAL,Professional,199.0,83.0,2,Australia
TX-CUST-00070-07,CUST-00070,2024-08-22,RENEWAL,Starter,49.0,53.9,2,UK
TX-CUST-00163-04,CUST-00163,2024-08-22,RENEWAL,Professional,199.0,55.2,0,UK
TX-CUST-00079-02,CUST-00079,2024-08-22,RENEWAL,Starter,49.0,77.5,2,Australia
TX-CUST-00161-02,CUST-00161,2024-08-22,RENEWAL,Professional,199.0,66.2,2,Canada
TX-CUST-00088-01,CUST-00088,2024-08-22,RENEWAL,Professional,199.0,97.4,2,Germany
TX-CUST-00233-01,CUST-00233,2024-08-22,RENEWAL,Enterprise,899.0,61.6,0,Canada
TX-CUST-00107-01,CUST-00107,2024-08-22,UPGRADE,Enterprise,899.0,84.8,2,Canada
TX-CUST-00254-05,CUST-00254,2024-08-23,RENEWAL,Enterprise,899.0,94.2,0,Canada
TX-CUST-00271-07,CUST-00271,2024-08-23,RENEWAL,Enterprise,899.0,54.6,2,UK
TX-CUST-00108-02,CUST-00108,2024-08-23,RENEWAL,Enterprise,899.0,76.5,2,India
TX-CUST-00132-01,CUST-00132,2024-08-23,RENEWAL,Starter,49.0,81.0,0,Canada
TX-CUST-00189-01,CUST-00189,2024-08-23,RENEWAL,Professional,199.0,73.9,0,Canada
TX-CUST-00039-07,CUST-00039,2024-08-23,RENEWAL,Professional,199.0,77.3,0,UK
TX-CUST-00275-01,CUST-00275,2024-08-23,RENEWAL,Professional,199.0,50.6,1,Australia
TX-CUST-00072-01,CUST-00072,2024-08-23,RENEWAL,Starter,49.0,73.5,2,Germany
TX-CUST-00054-06,CUST-00054,2024-08-23,RENEWAL,Professional,199.0,75.1,0,Germany
TX-CUST-00082-02,CUST-00082,2024-08-24,RENEWAL,Starter,49.0,62.3,0,Australia
TX-CUST-00204-06,CUST-00204,2024-08-24,RENEWAL,Professional,199.0,73.5,0,India
TX-CUST-00008-04,CUST-00008,2024-08-24,RENEWAL,Professional,199.0,53.7,1,Australia
TX-CUST-00197-04,CUST-00197,2024-08-24,UPGRADE,Enterprise,899.0,66.0,1,Germany
TX-CUST-00286-07,CUST-00286,2024-08-24,RENEWAL,Professional,199.0,61.5,1,Australia
TX-CUST-00081-01,CUST-00081,2024-08-24,RENEWAL,Professional,199.0,88.6,1,Australia
TX-CUST-00051-03,CUST-00051,2024-08-24,RENEWAL,Starter,49.0,52.2,1,India
TX-CUST-00013-01,CUST-00013,2024-08-25,RENEWAL,Starter,49.0,45.3,0,Canada
TX-CUST-00126-06,CUST-00126,2024-08-25,RENEWAL,Starter,49.0,91.5,0,Australia
TX-CUST-00220-01,CUST-00220,2024-08-25,RENEWAL,Professional,199.0,85.9,0,Canada
TX-CUST-00024-02,CUST-00024,2024-08-25,RENEWAL,Starter,49.0,67.4,2,Germany
TX-CUST-00290-03,CUST-00290,2024-08-25,RENEWAL,Enterprise,899.0,70.5,2,UK
TX-CUST-00130-01,CUST-00130,2024-08-25,RENEWAL,Enterprise,899.0,45.5,1,Germany
TX-CUST-00083-03,CUST-00083,2024-08-25,RENEWAL,Professional,199.0,60.1,0,UK
TX-CUST-00165-04,CUST-00165,2024-08-25,UPGRADE,Professional,199.0,51.3,2,USA
TX-CUST-00050-01,CUST-00050,2024-08-26,RENEWAL,Professional,199.0,63.4,0,Germany
TX-CUST-00174-06,CUST-00174,2024-08-26,RENEWAL,Professional,199.0,54.7,2,India
TX-CUST-00214-07,CUST-00214,2024-08-26,RENEWAL,Enterprise,899.0,86.3,2,Canada
TX-CUST-00139-03,CUST-00139,2024-08-27,RENEWAL,Enterprise,899.0,62.2,2,UK
TX-CUST-00186-02,CUST-00186,2024-08-27,RENEWAL,Professional,199.0,61.2,1,Canada
TX-CUST-00191-01,CUST-00191,2024-08-27,RENEWAL,Professional,199.0,54.4,2,Germany
TX-CUST-00094-06-CHURN,CUST-00094,2024-08-27,CHURN,Enterprise,0.0,25.4,5,Germany
TX-CUST-00245-01,CUST-00245,2024-08-27,RENEWAL,Starter,49.0,65.6,0,Canada
TX-CUST-00029-02,CUST-00029,2024-08-27,RENEWAL,Starter,49.0,81.3,2,Canada
TX-CUST-00293-06,CUST-00293,2024-08-28,RENEWAL,Professional,199.0,49.4,2,Canada
TX-CUST-00150-04,CUST-00150,2024-08-28,RENEWAL,Professional,199.0,76.2,1,India
TX-CUST-00105-03,CUST-00105,2024-08-28,RENEWAL,Professional,199.0,80.3,0,Canada
TX-CUST-00043-04,CUST-00043,2024-08-28,RENEWAL,Professional,199.0,80.5,0,Australia
TX-CUST-00235-06,CUST-00235,2024-08-28,RENEWAL,Enterprise,899.0,89.0,1,Canada
TX-CUST-00116-03,CUST-00116,2024-08-28,RENEWAL,Professional,199.0,90.8,2,India
TX-CUST-00288-03,CUST-00288,2024-08-29,RENEWAL,Professional,199.0,46.3,2,Canada
TX-CUST-00153-02,CUST-00153,2024-08-30,RENEWAL,Professional,199.0,94.4,0,Australia
TX-CUST-00154-04,CUST-00154,2024-08-30,UPGRADE,Professional,199.0,52.8,1,India
TX-CUST-00125-02,CUST-00125,2024-08-30,RENEWAL,Professional,199.0,89.3,0,Australia
TX-CUST-00006-07,CUST-00006,2024-08-30,UPGRADE,Professional,199.0,90.1,0,UK
TX-CUST-00147-04,CUST-00147,2024-08-30,RENEWAL,Starter,49.0,64.9,1,USA
TX-CUST-00106-02,CUST-00106,2024-08-30,UPGRADE,Enterprise,899.0,79.2,1,Australia
TX-CUST-00093-05,CUST-00093,2024-08-30,UPGRADE,Professional,199.0,81.9,0,India
TX-CUST-00203-03,CUST-00203,2024-08-31,RENEWAL,Professional,199.0,51.6,0,Canada
TX-CUST-00016-02,CUST-00016,2024-08-31,RENEWAL,Professional,199.0,96.2,1,India
TX-CUST-00113-04,CUST-00113,2024-09-01,RENEWAL,Professional,199.0,52.6,0,USA
TX-CUST-00138-04,CUST-00138,2024-09-01,RENEWAL,Enterprise,899.0,89.6,2,India
TX-CUST-00140-02,CUST-00140,2024-09-01,RENEWAL,Professional,199.0,55.3,1,Australia
TX-CUST-00215-02,CUST-00215,2024-09-01,RENEWAL,Starter,49.0,87.5,2,USA
TX-CUST-00279-06,CUST-00279,2024-09-01,RENEWAL,Enterprise,899.0,96.1,0,Germany
TX-CUST-00200-08,CUST-00200,2024-09-01,RENEWAL,Enterprise,899.0,90.5,2,UK
TX-CUST-00160-04,CUST-00160,2024-09-01,RENEWAL,Enterprise,899.0,79.5,1,Canada
TX-CUST-00222-07,CUST-00222,2024-09-01,RENEWAL,Starter,49.0,47.4,0,Germany
TX-CUST-00158-02,CUST-00158,2024-09-01,RENEWAL,Enterprise,899.0,70.7,1,India
TX-CUST-00115-04,CUST-00115,2024-09-02,RENEWAL,Professional,199.0,49.1,0,Australia
TX-CUST-00175-02,CUST-00175,2024-09-02,RENEWAL,Starter,49.0,60.7,2,India
TX-CUST-00001-03,CUST-00001,2024-09-02,RENEWAL,Starter,49.0,82.7,1,Germany
TX-CUST-00023-08,CUST-00023,2024-09-02,RENEWAL,Professional,199.0,55.1,1,Australia
TX-CUST-00184-02,CUST-00184,2024-09-02,RENEWAL,Professional,199.0,76.9,0,Germany
TX-CUST-00022-05,CUST-00022,2024-09-02,RENEWAL,Professional,199.0,57.5,2,Germany
TX-CUST-00212-03,CUST-00212,2024-09-02,RENEWAL,Starter,49.0,97.2,0,Germany
TX-CUST-00148-04,CUST-00148,2024-09-02,RENEWAL,Enterprise,899.0,79.4,0,India
TX-CUST-00097-05,CUST-00097,2024-09-03,RENEWAL,Professional,199.0,48.1,2,Canada
TX-CUST-00146-03,CUST-00146,2024-09-03,RENEWAL,Starter,49.0,96.9,0,Australia
TX-CUST-00145-08,CUST-00145,2024-09-03,RENEWAL,Enterprise,899.0,69.5,2,UK
TX-CUST-00169-02,CUST-00169,2024-09-03,RENEWAL,Professional,199.0,82.7,2,Australia
TX-CUST-00053-02,CUST-00053,2024-09-03,RENEWAL,Starter,49.0,78.3,1,Australia
TX-CUST-00297-05,CUST-00297,2024-09-03,RENEWAL,Professional,199.0,96.4,0,UK
TX-CUST-00262-05,CUST-00262,2024-09-03,RENEWAL,Enterprise,899.0,51.0,0,India
TX-CUST-00251-03,CUST-00251,2024-09-03,RENEWAL,Enterprise,899.0,63.5,2,India
TX-CUST-00111-08,CUST-00111,2024-09-04,RENEWAL,Enterprise,899.0,62.3,0,USA
TX-CUST-00080-06,CUST-00080,2024-09-04,RENEWAL,Professional,199.0,49.7,1,USA
TX-CUST-00077-02,CUST-00077,2024-09-04,RENEWAL,Starter,49.0,47.8,2,Germany
TX-CUST-00218-02,CUST-00218,2024-09-04,RENEWAL,Enterprise,899.0,73.4,1,India
TX-CUST-00067-08,CUST-00067,2024-09-04,RENEWAL,Professional,199.0,49.0,1,UK
TX-CUST-00250-05,CUST-00250,2024-09-04,RENEWAL,Enterprise,899.0,80.4,1,UK
TX-CUST-00025-02,CUST-00025,2024-09-04,RENEWAL,Enterprise,899.0,76.9,0,Canada
TX-CUST-00134-05,CUST-00134,2024-09-04,RENEWAL,Professional,199.0,92.7,2,Germany
TX-CUST-00210-08,CUST-00210,2024-09-05,UPGRADE,Professional,199.0,75.4,1,USA
TX-CUST-00102-04,CUST-00102,2024-09-05,RENEWAL,Professional,199.0,53.1,0,Australia
TX-CUST-00032-03,CUST-00032,2024-09-05,RENEWAL,Professional,199.0,58.5,0,USA
TX-CUST-00289-04,CUST-00289,2024-09-05,RENEWAL,Enterprise,899.0,60.0,0,Germany
TX-CUST-00151-08,CUST-00151,2024-09-05,RENEWAL,Professional,199.0,46.6,1,USA
TX-CUST-00069-05,CUST-00069,2024-09-05,RENEWAL,Professional,199.0,74.0,2,USA
TX-CUST-00193-03,CUST-00193,2024-09-06,RENEWAL,Starter,49.0,50.1,0,USA
TX-CUST-00268-02,CUST-00268,2024-09-06,RENEWAL,Starter,49.0,45.4,0,Germany
TX-CUST-00010-03,CUST-00010,2024-09-06,RENEWAL,Professional,199.0,47.1,1,UK
TX-CUST-00172-02,CUST-00172,2024-09-07,RENEWAL,Starter,49.0,66.3,1,Germany
TX-CUST-00217-07,CUST-00217,2024-09-07,RENEWAL,Starter,49.0,58.3,2,Germany
TX-CUST-00299-08,CUST-00299,2024-09-07,RENEWAL,Enterprise,899.0,53.7,0,Germany
TX-CUST-00002-04,CUST-00002,2024-09-07,RENEWAL,Enterprise,899.0,79.3,2,India
TX-CUST-00007-03,CUST-00007,2024-09-07,RENEWAL,Starter,49.0,95.5,0,India
TX-CUST-00047-02,CUST-00047,2024-09-08,RENEWAL,Professional,199.0,70.8,1,Canada
TX-CUST-00045-03,CUST-00045,2024-09-08,RENEWAL,Professional,199.0,46.7,2,India
TX-CUST-00122-05-CHURN,CUST-00122,2024-09-08,CHURN,Starter,0.0,7.3,4,Canada
TX-CUST-00114-02,CUST-00114,2024-09-08,RENEWAL,Starter,49.0,57.7,1,Australia
TX-CUST-00062-04,CUST-00062,2024-09-08,RENEWAL,Starter,49.0,54.9,2,Canada
TX-CUST-00236-03,CUST-00236,2024-09-08,RENEWAL,Enterprise,899.0,81.3,2,Canada
TX-CUST-00098-05,CUST-00098,2024-09-09,RENEWAL,Professional,199.0,81.8,2,Germany
TX-CUST-00003-05-CHURN,CUST-00003,2024-09-09,CHURN,Enterprise,0.0,23.1,8,Germany
TX-CUST-00131-06,CUST-00131,2024-09-09,RENEWAL,Professional,199.0,65.6,0,USA
TX-CUST-00090-04,CUST-00090,2024-09-09,RENEWAL,Enterprise,899.0,67.7,0,Canada
TX-CUST-00239-04,CUST-00239,2024-09-09,RENEWAL,Starter,49.0,53.6,0,Australia
TX-CUST-00085-05,CUST-00085,2024-09-09,RENEWAL,Enterprise,899.0,76.4,1,USA
TX-CUST-00181-03,CUST-00181,2024-09-09,RENEWAL,Starter,49.0,83.5,2,Australia
TX-CUST-00258-03,CUST-00258,2024-09-09,UPGRADE,Professional,199.0,86.2,2,USA
TX-CUST-00238-03,CUST-00238,2024-09-09,RENEWAL,Starter,49.0,97.9,1,Germany
TX-CUST-00123-04,CUST-00123,2024-09-10,RENEWAL,Starter,49.0,49.7,1,Canada
TX-CUST-00129-05,CUST-00129,2024-09-10,RENEWAL,Starter,49.0,70.7,2,Germany
TX-CUST-00255-02,CUST-00255,2024-09-10,RENEWAL,Professional,199.0,72.7,2,India
TX-CUST-00036-04,CUST-00036,2024-09-11,RENEWAL,Professional,199.0,89.2,0,UK
TX-CUST-00273-02,CUST-00273,2024-09-11,RENEWAL,Enterprise,899.0,54.4,1,Australia
TX-CUST-00171-05,CUST-00171,2024-09-11,RENEWAL,Enterprise,899.0,53.4,2,Australia
TX-CUST-00208-05,CUST-00208,2024-09-12,RENEWAL,Professional,199.0,74.3,0,Australia
TX-CUST-00261-02,CUST-00261,2024-09-12,RENEWAL,Starter,49.0,57.4,0,Australia
TX-CUST-00195-06,CUST-00195,2024-09-12,RENEWAL,Professional,199.0,98.9,0,Australia
TX-CUST-00118-04-CHURN,CUST-00118,2024-09-12,CHURN,Professional,0.0,19.3,4,UK
TX-CUST-00216-06,CUST-00216,2024-09-12,RENEWAL,Enterprise,899.0,69.5,0,Canada
TX-CUST-00084-02,CUST-00084,2024-09-13,RENEWAL,Starter,49.0,59.1,1,Canada
TX-CUST-00066-03,CUST-00066,2024-09-13,RENEWAL,Starter,49.0,87.9,0,Germany
TX-CUST-00127-07,CUST-00127,2024-09-13,RENEWAL,Professional,199.0,55.7,2,India
TX-CUST-00059-07,CUST-00059,2024-09-13,RENEWAL,Professional,199.0,93.3,1,USA
TX-CUST-00041-02,CUST-00041,2024-09-13,RENEWAL,Enterprise,899.0,65.9,0,Germany
TX-CUST-00232-06,CUST-00232,2024-09-13,UPGRADE,Professional,199.0,79.8,1,Canada
TX-CUST-00179-02,CUST-00179,2024-09-13,RENEWAL,Professional,199.0,70.6,2,Australia
TX-CUST-00287-05,CUST-00287,2024-09-13,RENEWAL,Enterprise,899.0,76.6,2,India
TX-CUST-00152-04,CUST-00152,2024-09-13,RENEWAL,Starter,49.0,89.0,1,Germany
TX-CUST-00164-06,CUST-00164,2024-09-13,RENEWAL,Professional,199.0,81.6,1,USA
TX-CUST-00256-03,CUST-00256,2024-09-13,UPGRADE,Professional,199.0,77.7,1,Germany
TX-CUST-00020-03,CUST-00020,2024-09-14,RENEWAL,Professional,199.0,85.1,2,UK
TX-CUST-00119-03,CUST-00119,2024-09-14,RENEWAL,Starter,49.0,89.3,0,Australia
TX-CUST-00128-03,CUST-00128,2024-09-14,RENEWAL,Starter,49.0,60.7,1,Australia
TX-CUST-00249-03,CUST-00249,2024-09-14,RENEWAL,Professional,199.0,45.1,2,Australia
TX-CUST-00229-04,CUST-00229,2024-09-14,RENEWAL,Professional,199.0,52.6,0,UK
TX-CUST-00223-02,CUST-00223,2024-09-14,RENEWAL,Starter,49.0,63.6,1,UK
TX-CUST-00296-07,CUST-00296,2024-09-15,RENEWAL,Enterprise,899.0,69.0,0,UK
TX-CUST-00135-03,CUST-00135,2024-09-15,RENEWAL,Professional,199.0,64.8,2,India
TX-CUST-00295-05,CUST-00295,2024-09-15,RENEWAL,Professional,199.0,49.1,1,Australia
TX-CUST-00048-02,CUST-00048,2024-09-16,RENEWAL,Starter,49.0,51.7,0,Germany
TX-CUST-00156-03,CUST-00156,2024-09-16,RENEWAL,Enterprise,899.0,97.8,1,Germany
TX-CUST-00099-05-CHURN,CUST-00099,2024-09-16,CHURN,Enterprise,0.0,23.3,4,India
TX-CUST-00120-02,CUST-00120,2024-09-16,RENEWAL,Professional,199.0,95.7,1,Canada
TX-CUST-00298-02,CUST-00298,2024-09-17,RENEWAL,Professional,199.0,56.8,0,Australia
TX-CUST-00170-07,CUST-00170,2024-09-17,RENEWAL,Starter,49.0,46.2,0,Australia
TX-CUST-00278-06,CUST-00278,2024-09-17,RENEWAL,Enterprise,899.0,68.5,1,UK
TX-CUST-00227-05,CUST-00227,2024-09-17,RENEWAL,Starter,49.0,65.6,2,India
TX-CUST-00185-08,CUST-00185,2024-09-17,RENEWAL,Starter,49.0,58.6,2,Canada
TX-CUST-00196-02,CUST-00196,2024-09-18,RENEWAL,Professional,199.0,62.5,0,USA
TX-CUST-00161-03,CUST-00161,2024-09-18,RENEWAL,Professional,199.0,79.7,1,India
TX-CUST-00103-03,CUST-00103,2024-09-18,RENEWAL,Starter,49.0,53.6,1,Australia
TX-CUST-00061-02,CUST-00061,2024-09-18,RENEWAL,Starter,49.0,91.6,0,UK
TX-CUST-00078-03,CUST-00078,2024-09-19,RENEWAL,Professional,199.0,50.6,1,Germany
TX-CUST-00110-03,CUST-00110,2024-09-19,RENEWAL,Professional,199.0,54.6,2,USA
TX-CUST-00291-04,CUST-00291,2024-09-19,RENEWAL,Enterprise,899.0,48.9,1,Australia
TX-CUST-00163-05,CUST-00163,2024-09-19,RENEWAL,Professional,199.0,48.4,2,India
TX-CUST-00030-02,CUST-00030,2024-09-19,RENEWAL,Enterprise,899.0,47.0,1,USA
TX-CUST-00076-04,CUST-00076,2024-09-19,RENEWAL,Starter,49.0,52.1,1,Germany
TX-CUST-00035-05-CHURN,CUST-00035,2024-09-20,CHURN,Professional,0.0,5.5,3,Germany
TX-CUST-00280-05,CUST-00280,2024-09-20,RENEWAL,Starter,49.0,50.7,0,UK
TX-CUST-00033-08,CUST-00033,2024-09-20,RENEWAL,Professional,199.0,51.6,1,India
TX-CUST-00300-02,CUST-00300,2024-09-20,RENEWAL,Starter,49.0,55.5,2,Germany
TX-CUST-00074-04,CUST-00074,2024-09-20,RENEWAL,Professional,199.0,89.8,0,Germany
TX-CUST-00167-07,CUST-00167,2024-09-20,RENEWAL,Starter,49.0,56.7,1,Canada
TX-CUST-00221-06,CUST-00221,2024-09-20,RENEWAL,Professional,199.0,60.7,2,USA
TX-CUST-00202-06,CUST-00202,2024-09-20,RENEWAL,Starter,49.0,46.0,1,Germany
TX-CUST-00233-02,CUST-00233,2024-09-20,RENEWAL,Enterprise,899.0,67.5,1,India
TX-CUST-00241-04,CUST-00241,2024-09-20,RENEWAL,Starter,49.0,76.7,2,Canada
TX-CUST-00142-05,CUST-00142,2024-09-20,RENEWAL,Enterprise,899.0,93.1,0,Australia
TX-CUST-00088-02,CUST-00088,2024-09-21,RENEWAL,Professional,199.0,56.8,2,Canada
TX-CUST-00073-02,CUST-00073,2024-09-21,RENEWAL,Professional,199.0,71.3,2,India
TX-CUST-00107-02,CUST-00107,2024-09-21,RENEWAL,Enterprise,899.0,82.4,0,India
TX-CUST-00201-03,CUST-00201,2024-09-21,UPGRADE,Professional,199.0,72.7,2,Australia
TX-CUST-00284-02,CUST-00284,2024-09-21,RENEWAL,Enterprise,899.0,82.6,1,Germany
TX-CUST-00275-02,CUST-00275,2024-09-22,RENEWAL,Professional,199.0,50.0,1,Germany
TX-CUST-00220-02,CUST-00220,2024-09-22,RENEWAL,Professional,199.0,56.3,0,Australia
TX-CUST-00206-04,CUST-00206,2024-09-22,RENEWAL,Enterprise,899.0,59.2,1,India
TX-CUST-00054-07,CUST-00054,2024-09-22,RENEWAL,Professional,199.0,70.9,2,India
TX-CUST-00013-02,CUST-00013,2024-09-22,RENEWAL,Starter,49.0,47.7,0,USA
TX-CUST-00082-03,CUST-00082,2024-09-22,RENEWAL,Starter,49.0,57.1,2,USA
TX-CUST-00079-03,CUST-00079,2024-09-22,RENEWAL,Starter,49.0,80.6,1,UK
TX-CUST-00132-02,CUST-00132,2024-09-22,RENEWAL,Starter,49.0,79.0,0,India
TX-CUST-00130-02,CUST-00130,2024-09-22,RENEWAL,Enterprise,899.0,92.6,1,Canada
TX-CUST-00243-02,CUST-00243,2024-09-22,RENEWAL,Starter,49.0,85.7,0,USA
TX-CUST-00024-03,CUST-00024,2024-09-23,RENEWAL,Starter,49.0,98.9,1,UK
TX-CUST-00081-02,CUST-00081,2024-09-23,RENEWAL,Professional,199.0,71.8,2,Germany
TX-CUST-00108-03,CUST-00108,2024-09-23,RENEWAL,Enterprise,899.0,92.4,1,USA
TX-CUST-00254-06,CUST-00254,2024-09-23,RENEWAL,Enterprise,899.0,54.0,1,India
TX-CUST-00165-05,CUST-00165,2024-09-23,RENEWAL,Professional,199.0,70.1,2,India
TX-CUST-00174-07,CUST-00174,2024-09-23,UPGRADE,Enterprise,899.0,71.6,0,Australia
TX-CUST-00189-02,CUST-00189,2024-09-23,UPGRADE,Enterprise,899.0,95.1,1,Germany
TX-CUST-00271-08,CUST-00271,2024-09-23,RENEWAL,Enterprise,899.0,68.6,1,India
TX-CUST-00050-02,CUST-00050,2024-09-24,RENEWAL,Professional,199.0,52.1,1,Australia
TX-CUST-00197-05,CUST-00197,2024-09-24,RENEWAL,Enterprise,899.0,88.5,1,India
TX-CUST-00214-08,CUST-00214,2024-09-24,RENEWAL,Enterprise,899.0,61.9,2,USA
TX-CUST-00204-07,CUST-00204,2024-09-24,RENEWAL,Professional,199.0,87.6,2,Canada
TX-CUST-00072-02,CUST-00072,2024-09-25,RENEWAL,Starter,49.0,90.7,2,UK
TX-CUST-00126-07,CUST-00126,2024-09-25,RENEWAL,Starter,49.0,64.8,1,Canada
TX-CUST-00286-08,CUST-00286,2024-09-25,RENEWAL,Professional,199.0,68.6,0,Australia
TX-CUST-00139-04,CUST-00139,2024-09-25,RENEWAL,Enterprise,899.0,84.5,1,Canada
TX-CUST-00191-02,CUST-00191,2024-09-25,RENEWAL,Professional,199.0,92.3,2,UK
TX-CUST-00186-03,CUST-00186,2024-09-25,RENEWAL,Professional,199.0,90.7,1,Germany
TX-CUST-00245-02,CUST-00245,2024-09-26,RENEWAL,Starter,49.0,82.5,2,UK
TX-CUST-00105-04,CUST-00105,2024-09-27,UPGRADE,Enterprise,899.0,89.6,2,Australia
TX-CUST-00153-03,CUST-00153,2024-09-27,RENEWAL,Professional,199.0,91.0,0,Germany
TX-CUST-00150-05,CUST-00150,2024-09-28,RENEWAL,Professional,199.0,62.2,1,India
TX-CUST-00116-04,CUST-00116,2024-09-28,RENEWAL,Professional,199.0,75.6,2,India
TX-CUST-00125-03,CUST-00125,2024-09-28,RENEWAL,Professional,199.0,59.5,2,India
TX-CUST-00043-05,CUST-00043,2024-09-29,RENEWAL,Professional,199.0,79.7,2,Canada
TX-CUST-00106-03,CUST-00106,2024-09-30,RENEWAL,Enterprise,899.0,52.6,2,India
TX-CUST-00235-07-CHURN,CUST-00235,2024-09-30,CHURN,Enterprise,0.0,21.0,5,USA
TX-CUST-00006-08,CUST-00006,2024-09-30,RENEWAL,Professional,199.0,93.7,0,Canada
TX-CUST-00200-09,CUST-00200,2024-09-30,RENEWAL,Enterprise,899.0,46.2,0,UK
TX-CUST-00147-05,CUST-00147,2024-09-30,RENEWAL,Starter,49.0,51.6,1,Germany
TX-CUST-00148-05,CUST-00148,2024-09-30,RENEWAL,Enterprise,899.0,61.2,2,Germany
TX-CUST-00001-04,CUST-00001,2024-10-01,RENEWAL,Starter,49.0,65.5,1,Germany
TX-CUST-00140-03,CUST-00140,2024-10-01,RENEWAL,Professional,199.0,89.4,1,Australia
TX-CUST-00288-04,CUST-00288,2024-10-01,UPGRADE,Enterprise,899.0,66.8,0,UK
TX-CUST-00262-06,CUST-00262,2024-10-01,RENEWAL,Enterprise,899.0,66.4,1,India
TX-CUST-00154-05,CUST-00154,2024-10-01,RENEWAL,Professional,199.0,88.5,1,India
TX-CUST-00146-04,CUST-00146,2024-10-02,UPGRADE,Professional,199.0,71.9,0,Australia
TX-CUST-00222-08,CUST-00222,2024-10-02,RENEWAL,Starter,49.0,93.7,1,Canada
TX-CUST-00022-06,CUST-00022,2024-10-02,RENEWAL,Professional,199.0,87.7,2,India
TX-CUST-00169-03,CUST-00169,2024-10-02,RENEWAL,Professional,199.0,84.7,0,Australia
TX-CUST-00111-09,CUST-00111,2024-10-02,RENEWAL,Enterprise,899.0,78.9,0,India
TX-CUST-00184-03,CUST-00184,2024-10-02,RENEWAL,Professional,199.0,78.8,1,USA
TX-CUST-00113-05,CUST-00113,2024-10-02,RENEWAL,Professional,199.0,85.4,2,Germany
TX-CUST-00158-03,CUST-00158,2024-10-02,RENEWAL,Enterprise,899.0,52.8,1,USA
TX-CUST-00203-04,CUST-00203,2024-10-03,RENEWAL,Professional,199.0,70.6,1,Australia
TX-CUST-00053-03,CUST-00053,2024-10-03,RENEWAL,Starter,49.0,75.4,1,USA
TX-CUST-00032-04,CUST-00032,2024-10-03,RENEWAL,Professional,199.0,76.8,0,UK
TX-CUST-00279-07,CUST-00279,2024-10-03,RENEWAL,Enterprise,899.0,82.7,0,Australia
TX-CUST-00025-03,CUST-00025,2024-10-03,RENEWAL,Enterprise,899.0,67.1,2,UK
TX-CUST-00212-04,CUST-00212,2024-10-03,RENEWAL,Starter,49.0,55.6,2,Canada
TX-CUST-00251-04,CUST-00251,2024-10-03,RENEWAL,Enterprise,899.0,86.1,0,Australia
TX-CUST-00097-06,CUST-00097,2024-10-03,RENEWAL,Professional,199.0,98.9,1,Canada
TX-CUST-00080-07,CUST-00080,2024-10-04,RENEWAL,Professional,199.0,80.5,0,USA
TX-CUST-00250-06,CUST-00250,2024-10-04,RENEWAL,Enterprise,899.0,92.0,0,USA
TX-CUST-00297-06,CUST-00297,2024-10-04,RENEWAL,Professional,199.0,64.5,2,Germany
TX-CUST-00215-03,CUST-00215,2024-10-04,RENEWAL,Starter,49.0,78.4,1,India
TX-CUST-00218-03,CUST-00218,2024-10-04,RENEWAL,Enterprise,899.0,87.7,2,USA
TX-CUST-00151-09,CUST-00151,2024-10-05,RENEWAL,Professional,199.0,63.8,2,UK
TX-CUST-00114-03,CUST-00114,2024-10-05,RENEWAL,Starter,49.0,78.3,1,India
TX-CUST-00193-04,CUST-00193,2024-10-05,RENEWAL,Starter,49.0,77.7,2,Australia
TX-CUST-00134-06,CUST-00134,2024-10-05,RENEWAL,Professional,199.0,89.2,0,Australia
TX-CUST-00010-04,CUST-00010,2024-10-05,RENEWAL,Professional,199.0,87.9,0,UK
TX-CUST-00023-09,CUST-00023,2024-10-05,RENEWAL,Professional,199.0,74.7,1,Canada
TX-CUST-00145-09,CUST-00145,2024-10-05,RENEWAL,Enterprise,899.0,83.4,0,India
TX-CUST-00102-05,CUST-00102,2024-10-05,RENEWAL,Professional,199.0,57.5,1,Germany
TX-CUST-00299-09,CUST-00299,2024-10-06,DOWNGRADE,Professional,199.0,88.6,2,India
TX-CUST-00085-06,CUST-00085,2024-10-06,RENEWAL,Enterprise,899.0,88.7,0,Germany
TX-CUST-00002-05,CUST-00002,2024-10-06,RENEWAL,Enterprise,899.0,79.6,2,UK
TX-CUST-00210-09,CUST-00210,2024-10-06,RENEWAL,Professional,199.0,98.9,1,UK
TX-CUST-00062-05,CUST-00062,2024-10-07,RENEWAL,Starter,49.0,88.5,0,Australia
TX-CUST-00067-09,CUST-00067,2024-10-07,RENEWAL,Professional,199.0,62.1,0,USA
TX-CUST-00238-04,CUST-00238,2024-10-08,RENEWAL,Starter,49.0,66.3,2,Canada
TX-CUST-00045-04,CUST-00045,2024-10-09,UPGRADE,Enterprise,899.0,87.0,1,Germany
TX-CUST-00268-03,CUST-00268,2024-10-09,RENEWAL,Starter,49.0,66.0,1,India
TX-CUST-00273-03,CUST-00273,2024-10-09,RENEWAL,Enterprise,899.0,72.2,2,Australia
TX-CUST-00236-04,CUST-00236,2024-10-09,RENEWAL,Enterprise,899.0,74.2,0,UK
TX-CUST-00239-05,CUST-00239,2024-10-09,RENEWAL,Starter,49.0,85.9,1,USA
TX-CUST-00007-04,CUST-00007,2024-10-09,RENEWAL,Starter,49.0,61.2,1,USA
TX-CUST-00181-04,CUST-00181,2024-10-10,RENEWAL,Starter,49.0,64.2,2,Australia
TX-CUST-00036-05,CUST-00036,2024-10-10,RENEWAL,Professional,199.0,86.1,2,USA
TX-CUST-00171-06,CUST-00171,2024-10-10,RENEWAL,Enterprise,899.0,97.4,2,India
TX-CUST-00216-07,CUST-00216,2024-10-11,RENEWAL,Enterprise,899.0,70.2,0,UK
TX-CUST-00232-07,CUST-00232,2024-10-12,RENEWAL,Professional,199.0,89.8,1,India
TX-CUST-00098-06,CUST-00098,2024-10-12,UPGRADE,Enterprise,899.0,52.4,0,Germany
TX-CUST-00090-05,CUST-00090,2024-10-12,RENEWAL,Enterprise,899.0,89.8,2,India
TX-CUST-00261-03,CUST-00261,2024-10-12,RENEWAL,Starter,49.0,56.8,0,UK
TX-CUST-00020-04,CUST-00020,2024-10-13,RENEWAL,Professional,199.0,97.7,2,Australia
TX-CUST-00129-06,CUST-00129,2024-10-13,RENEWAL,Starter,49.0,76.9,1,India
TX-CUST-00208-06-CHURN,CUST-00208,2024-10-13,CHURN,Professional,0.0,21.5,7,UK
TX-CUST-00164-07,CUST-00164,2024-10-13,RENEWAL,Professional,199.0,47.5,0,Germany
TX-CUST-00152-05,CUST-00152,2024-10-14,RENEWAL,Starter,49.0,52.5,2,India
TX-CUST-00041-03,CUST-00041,2024-10-14,RENEWAL,Enterprise,899.0,90.3,2,Germany
TX-CUST-00179-03,CUST-00179,2024-10-14,RENEWAL,Professional,199.0,64.2,1,Canada
TX-CUST-00156-04,CUST-00156,2024-10-14,RENEWAL,Enterprise,899.0,85.5,2,Australia
TX-CUST-00119-04,CUST-00119,2024-10-15,RENEWAL,Starter,49.0,77.2,0,UK
TX-CUST-00185-09,CUST-00185,2024-10-15,RENEWAL,Starter,49.0,55.1,1,UK
TX-CUST-00084-03,CUST-00084,2024-10-15,RENEWAL,Starter,49.0,55.9,2,USA
TX-CUST-00066-04,CUST-00066,2024-10-15,RENEWAL,Starter,49.0,61.2,0,India
TX-CUST-00048-03,CUST-00048,2024-10-16,RENEWAL,Starter,49.0,96.2,2,Germany
TX-CUST-00170-08,CUST-00170,2024-10-16,RENEWAL,Starter,49.0,62.6,2,India
TX-CUST-00076-05,CUST-00076,2024-10-17,UPGRADE,Professional,199.0,90.2,0,USA
TX-CUST-00074-05,CUST-00074,2024-10-17,RENEWAL,Professional,199.0,68.7,0,UK
TX-CUST-00223-03,CUST-00223,2024-10-17,UPGRADE,Professional,199.0,83.3,0,Germany
TX-CUST-00128-04,CUST-00128,2024-10-17,RENEWAL,Starter,49.0,64.6,2,Australia
TX-CUST-00278-07,CUST-00278,2024-10-18,RENEWAL,Enterprise,899.0,47.5,1,Canada
TX-CUST-00202-07,CUST-00202,2024-10-18,RENEWAL,Starter,49.0,88.6,1,Canada
TX-CUST-00110-04,CUST-00110,2024-10-19,RENEWAL,Professional,199.0,47.2,1,Australia
TX-CUST-00241-05,CUST-00241,2024-10-19,RENEWAL,Starter,49.0,65.7,2,India
TX-CUST-00107-03,CUST-00107,2024-10-19,RENEWAL,Enterprise,899.0,62.4,1,Canada
TX-CUST-00073-03,CUST-00073,2024-10-19,RENEWAL,Professional,199.0,62.0,1,Australia
TX-CUST-00291-05,CUST-00291,2024-10-19,RENEWAL,Enterprise,899.0,65.4,2,Australia
TX-CUST-00132-03,CUST-00132,2024-10-19,RENEWAL,Starter,49.0,92.9,2,UK
TX-CUST-00284-03,CUST-00284,2024-10-19,RENEWAL,Enterprise,899.0,79.5,1,India
TX-CUST-00078-04,CUST-00078,2024-10-20,RENEWAL,Professional,199.0,79.6,2,UK
TX-CUST-00280-06,CUST-00280,2024-10-20,RENEWAL,Starter,49.0,56.0,1,UK
TX-CUST-00271-09,CUST-00271,2024-10-20,RENEWAL,Enterprise,899.0,80.1,2,Canada
TX-CUST-00103-04,CUST-00103,2024-10-20,RENEWAL,Starter,49.0,65.5,1,Australia
TX-CUST-00161-04,CUST-00161,2024-10-20,RENEWAL,Professional,199.0,58.5,1,USA
TX-CUST-00142-06,CUST-00142,2024-10-20,RENEWAL,Enterprise,899.0,52.4,2,Canada
TX-CUST-00079-04,CUST-00079,2024-10-21,RENEWAL,Starter,49.0,93.5,0,Canada
TX-CUST-00254-07,CUST-00254,2024-10-21,RENEWAL,Enterprise,899.0,97.5,0,India
TX-CUST-00206-05,CUST-00206,2024-10-22,RENEWAL,Enterprise,899.0,84.5,1,UK
TX-CUST-00201-04-CHURN,CUST-00201,2024-10-22,CHURN,Professional,0.0,19.4,7,USA
TX-CUST-00054-08,CUST-00054,2024-10-22,RENEWAL,Professional,199.0,93.4,1,Germany
TX-CUST-00050-03,CUST-00050,2024-10-22,RENEWAL,Professional,199.0,58.4,0,USA
TX-CUST-00130-03,CUST-00130,2024-10-22,RENEWAL,Enterprise,899.0,65.4,1,USA
TX-CUST-00204-08,CUST-00204,2024-10-23,RENEWAL,Professional,199.0,55.7,1,USA
TX-CUST-00082-04,CUST-00082,2024-10-23,RENEWAL,Starter,49.0,90.6,1,USA
TX-CUST-00139-05,CUST-00139,2024-10-23,RENEWAL,Enterprise,899.0,52.1,0,Canada
TX-CUST-00221-07,CUST-00221,2024-10-23,UPGRADE,Enterprise,899.0,54.3,1,Canada
TX-CUST-00081-03,CUST-00081,2024-10-23,RENEWAL,Professional,199.0,58.8,0,Australia
TX-CUST-00191-03,CUST-00191,2024-10-23,RENEWAL,Professional,199.0,78.8,0,Canada
TX-CUST-00275-03-CHURN,CUST-00275,2024-10-23,CHURN,Professional,0.0,6.8,8,USA
TX-CUST-00245-03,CUST-00245,2024-10-23,RENEWAL,Starter,49.0,79.9,2,Germany
TX-CUST-00033-09,CUST-00033,2024-10-23,RENEWAL,Professional,199.0,77.4,1,USA
TX-CUST-00220-03,CUST-00220,2024-10-24,RENEWAL,Professional,199.0,61.9,0,Canada
TX-CUST-00186-04,CUST-00186,2024-10-24,RENEWAL,Professional,199.0,51.1,0,USA
TX-CUST-00174-08,CUST-00174,2024-10-24,RENEWAL,Enterprise,899.0,78.9,1,India
TX-CUST-00013-03,CUST-00013,2024-10-24,RENEWAL,Starter,49.0,75.2,1,Canada
TX-CUST-00286-09,CUST-00286,2024-10-25,RENEWAL,Professional,199.0,64.3,1,Canada
TX-CUST-00024-04,CUST-00024,2024-10-26,RENEWAL,Starter,49.0,74.3,1,Germany
TX-CUST-00105-05,CUST-00105,2024-10-26,RENEWAL,Enterprise,899.0,69.6,1,Germany
TX-CUST-00150-06,CUST-00150,2024-10-27,RENEWAL,Professional,199.0,96.7,2,Australia
TX-CUST-00116-05,CUST-00116,2024-10-28,RENEWAL,Professional,199.0,56.8,1,UK
TX-CUST-00125-04,CUST-00125,2024-10-28,RENEWAL,Professional,199.0,92.1,0,UK
TX-CUST-00148-06,CUST-00148,2024-10-29,RENEWAL,Enterprise,899.0,75.7,0,UK
TX-CUST-00006-09,CUST-00006,2024-10-29,RENEWAL,Professional,199.0,69.6,1,India
TX-CUST-00147-06,CUST-00147,2024-10-30,RENEWAL,Starter,49.0,50.9,2,India
TX-CUST-00022-07,CUST-00022,2024-10-30,RENEWAL,Professional,199.0,94.1,0,USA
TX-CUST-00043-06,CUST-00043,2024-10-30,RENEWAL,Professional,199.0,86.9,1,USA
TX-CUST-00113-06,CUST-00113,2024-10-30,RENEWAL,Professional,199.0,53.7,0,Australia
TX-CUST-00212-05,CUST-00212,2024-10-30,RENEWAL,Starter,49.0,74.8,2,India
TX-CUST-00288-05,CUST-00288,2024-10-30,RENEWAL,Enterprise,899.0,78.3,1,UK
TX-CUST-00215-04,CUST-00215,2024-10-31,RENEWAL,Starter,49.0,50.5,2,India
TX-CUST-00154-06,CUST-00154,2024-10-31,RENEWAL,Professional,199.0,89.3,1,Germany
TX-CUST-00203-05,CUST-00203,2024-10-31,RENEWAL,Professional,199.0,64.5,2,UK
TX-CUST-00080-08,CUST-00080,2024-10-31,RENEWAL,Professional,199.0,96.5,2,Australia
TX-CUST-00106-04,CUST-00106,2024-10-31,RENEWAL,Enterprise,899.0,95.2,1,UK
TX-CUST-00218-04,CUST-00218,2024-11-01,RENEWAL,Enterprise,899.0,66.4,1,Canada
TX-CUST-00111-10,CUST-00111,2024-11-01,RENEWAL,Enterprise,899.0,74.0,2,India
TX-CUST-00158-04,CUST-00158,2024-11-02,RENEWAL,Enterprise,899.0,96.9,2,USA
TX-CUST-00151-10,CUST-00151,2024-11-02,RENEWAL,Professional,199.0,75.0,0,Germany
TX-CUST-00146-05,CUST-00146,2024-11-02,RENEWAL,Professional,199.0,67.1,0,Australia
TX-CUST-00053-04,CUST-00053,2024-11-02,RENEWAL,Starter,49.0,61.6,2,India
TX-CUST-00184-04,CUST-00184,2024-11-02,RENEWAL,Professional,199.0,80.7,0,UK
TX-CUST-00169-04,CUST-00169,2024-11-02,RENEWAL,Professional,199.0,78.4,1,Germany
TX-CUST-00193-05,CUST-00193,2024-11-02,UPGRADE,Professional,199.0,65.6,1,India
TX-CUST-00279-08,CUST-00279,2024-11-03,RENEWAL,Enterprise,899.0,76.5,1,India
TX-CUST-00250-07,CUST-00250,2024-11-03,RENEWAL,Enterprise,899.0,62.9,0,UK
TX-CUST-00067-10,CUST-00067,2024-11-03,RENEWAL,Professional,199.0,50.5,0,UK
TX-CUST-00032-05,CUST-00032,2024-11-04,UPGRADE,Enterprise,899.0,73.4,2,USA
TX-CUST-00023-10,CUST-00023,2024-11-04,RENEWAL,Professional,199.0,57.9,0,Germany
TX-CUST-00210-10,CUST-00210,2024-11-04,RENEWAL,Professional,199.0,97.9,2,Canada
TX-CUST-00085-07,CUST-00085,2024-11-05,RENEWAL,Enterprise,899.0,54.1,2,Canada
TX-CUST-00007-05,CUST-00007,2024-11-06,RENEWAL,Starter,49.0,49.0,0,Australia
TX-CUST-00002-06,CUST-00002,2024-11-06,RENEWAL,Enterprise,899.0,46.7,1,Canada
TX-CUST-00299-10,CUST-00299,2024-11-06,RENEWAL,Professional,199.0,80.5,0,Canada
TX-CUST-00102-06,CUST-00102,2024-11-07,UPGRADE,Enterprise,899.0,92.2,1,Germany
TX-CUST-00239-06,CUST-00239,2024-11-07,RENEWAL,Starter,49.0,74.6,0,UK
TX-CUST-00062-06,CUST-00062,2024-11-08,RENEWAL,Starter,49.0,58.1,0,Germany
TX-CUST-00171-07,CUST-00171,2024-11-08,RENEWAL,Enterprise,899.0,63.3,0,India
TX-CUST-00045-05,CUST-00045,2024-11-08,RENEWAL,Enterprise,899.0,69.3,1,Germany
TX-CUST-00238-05,CUST-00238,2024-11-08,RENEWAL,Starter,49.0,72.0,1,UK
TX-CUST-00090-06,CUST-00090,2024-11-09,RENEWAL,Enterprise,899.0,60.9,1,Germany
TX-CUST-00036-06,CUST-00036,2024-11-10,RENEWAL,Professional,199.0,75.4,2,Canada
TX-CUST-00273-04,CUST-00273,2024-11-10,RENEWAL,Enterprise,899.0,74.9,1,UK
TX-CUST-00261-04,CUST-00261,2024-11-10,UPGRADE,Professional,199.0,45.9,2,Canada
TX-CUST-00181-05,CUST-00181,2024-11-10,RENEWAL,Starter,49.0,69.6,0,Germany
TX-CUST-00066-05,CUST-00066,2024-11-11,RENEWAL,Starter,49.0,48.0,0,India
TX-CUST-00164-08,CUST-00164,2024-11-11,RENEWAL,Professional,199.0,82.6,2,UK
TX-CUST-00216-08,CUST-00216,2024-11-12,RENEWAL,Enterprise,899.0,85.0,0,Canada
TX-CUST-00129-07,CUST-00129,2024-11-12,RENEWAL,Starter,49.0,63.7,2,UK
TX-CUST-00020-05,CUST-00020,2024-11-13,RENEWAL,Professional,199.0,64.5,1,USA
TX-CUST-00232-08,CUST-00232,2024-11-13,RENEWAL,Professional,199.0,76.6,2,Canada
TX-CUST-00041-04,CUST-00041,2024-11-13,RENEWAL,Enterprise,899.0,82.6,0,India
TX-CUST-00084-04,CUST-00084,2024-11-13,RENEWAL,Starter,49.0,51.5,1,UK
TX-CUST-00048-04,CUST-00048,2024-11-14,RENEWAL,Starter,49.0,51.8,1,Australia
TX-CUST-00119-05,CUST-00119,2024-11-15,RENEWAL,Starter,49.0,91.4,2,India
TX-CUST-00223-04,CUST-00223,2024-11-16,RENEWAL,Professional,199.0,58.1,1,UK
TX-CUST-00202-08,CUST-00202,2024-11-16,RENEWAL,Starter,49.0,58.9,1,Germany
TX-CUST-00170-09,CUST-00170,2024-11-16,RENEWAL,Starter,49.0,61.6,1,UK
TX-CUST-00278-08,CUST-00278,2024-11-16,RENEWAL,Enterprise,899.0,65.7,2,USA
TX-CUST-00073-04,CUST-00073,2024-11-17,RENEWAL,Professional,199.0,55.5,1,Australia
TX-CUST-00074-06,CUST-00074,2024-11-17,RENEWAL,Professional,199.0,83.4,2,Canada
TX-CUST-00132-04-CHURN,CUST-00132,2024-11-18,CHURN,Starter,0.0,24.9,7,USA
TX-CUST-00107-04,CUST-00107,2024-11-18,RENEWAL,Enterprise,899.0,69.5,0,UK
TX-CUST-00142-07,CUST-00142,2024-11-18,RENEWAL,Enterprise,899.0,61.9,2,Germany
TX-CUST-00078-05,CUST-00078,2024-11-18,RENEWAL,Professional,199.0,68.8,2,UK
TX-CUST-00110-05,CUST-00110,2024-11-19,RENEWAL,Professional,199.0,62.9,2,UK
TX-CUST-00206-06,CUST-00206,2024-11-19,RENEWAL,Enterprise,899.0,97.3,2,Australia
TX-CUST-00271-10,CUST-00271,2024-11-19,RENEWAL,Enterprise,899.0,50.4,1,Australia
TX-CUST-00291-06,CUST-00291,2024-11-19,RENEWAL,Enterprise,899.0,57.2,2,UK
TX-CUST-00054-09,CUST-00054,2024-11-20,RENEWAL,Professional,199.0,63.7,1,India
TX-CUST-00033-10,CUST-00033,2024-11-20,RENEWAL,Professional,199.0,63.9,2,Germany
TX-CUST-00284-04,CUST-00284,2024-11-20,RENEWAL,Enterprise,899.0,94.2,1,Germany
TX-CUST-00082-05,CUST-00082,2024-11-22,UPGRADE,Professional,199.0,75.4,1,India
TX-CUST-00079-05,CUST-00079,2024-11-22,RENEWAL,Starter,49.0,73.5,0,Germany
TX-CUST-00139-06,CUST-00139,2024-11-22,RENEWAL,Enterprise,899.0,68.5,2,UK
TX-CUST-00220-04,CUST-00220,2024-11-23,RENEWAL,Professional,199.0,65.2,2,UK
TX-CUST-00013-04,CUST-00013,2024-11-23,RENEWAL,Starter,49.0,85.2,1,Canada
TX-CUST-00050-04,CUST-00050,2024-11-23,RENEWAL,Professional,199.0,97.0,0,Germany
TX-CUST-00130-04,CUST-00130,2024-11-23,RENEWAL,Enterprise,899.0,78.1,2,India
TX-CUST-00186-05,CUST-00186,2024-11-23,RENEWAL,Professional,199.0,98.5,1,India
TX-CUST-00116-06,CUST-00116,2024-11-26,RENEWAL,Professional,199.0,73.0,1,Canada
TX-CUST-00288-06,CUST-00288,2024-11-27,RENEWAL,Enterprise,899.0,54.2,2,India
TX-CUST-00148-07,CUST-00148,2024-11-29,RENEWAL,Enterprise,899.0,94.5,0,India
TX-CUST-00158-05,CUST-00158,2024-11-30,RENEWAL,Enterprise,899.0,68.3,2,Germany
TX-CUST-00053-05,CUST-00053,2024-11-30,RENEWAL,Starter,49.0,97.5,2,Australia
TX-CUST-00106-05,CUST-00106,2024-11-30,RENEWAL,Enterprise,899.0,85.9,0,India
TX-CUST-00215-05,CUST-00215,2024-11-30,RENEWAL,Starter,49.0,51.8,2,Germany
TX-CUST-00023-11,CUST-00023,2024-12-01,RENEWAL,Professional,199.0,94.3,1,USA
TX-CUST-00169-05,CUST-00169,2024-12-01,RENEWAL,Professional,199.0,86.8,0,Germany
TX-CUST-00184-05,CUST-00184,2024-12-01,RENEWAL,Professional,199.0,61.5,1,UK
TX-CUST-00006-10,CUST-00006,2024-12-01,RENEWAL,Professional,199.0,76.3,2,USA
TX-CUST-00218-05,CUST-00218,2024-12-03,RENEWAL,Enterprise,899.0,74.7,0,USA
TX-CUST-00111-11,CUST-00111,2024-12-03,RENEWAL,Enterprise,899.0,53.3,1,India
TX-CUST-00210-11,CUST-00210,2024-12-04,RENEWAL,Professional,199.0,69.8,2,Germany
TX-CUST-00032-06,CUST-00032,2024-12-05,RENEWAL,Enterprise,899.0,69.4,0,Australia
TX-CUST-00062-07,CUST-00062,2024-12-05,RENEWAL,Starter,49.0,84.1,0,USA
TX-CUST-00102-07,CUST-00102,2024-12-06,RENEWAL,Enterprise,899.0,93.1,0,UK
TX-CUST-00067-11,CUST-00067,2024-12-06,RENEWAL,Professional,199.0,46.4,1,Australia
TX-CUST-00002-07,CUST-00002,2024-12-06,RENEWAL,Enterprise,899.0,83.8,0,India
TX-CUST-00239-07,CUST-00239,2024-12-07,RENEWAL,Starter,49.0,90.9,2,Germany
TX-CUST-00085-08,CUST-00085,2024-12-08,RENEWAL,Enterprise,899.0,64.1,0,Germany
TX-CUST-00045-06,CUST-00045,2024-12-08,RENEWAL,Enterprise,899.0,66.5,2,Germany
TX-CUST-00007-06,CUST-00007,2024-12-08,RENEWAL,Starter,49.0,58.2,1,UK
TX-CUST-00261-05,CUST-00261,2024-12-09,RENEWAL,Professional,199.0,90.8,0,Germany
TX-CUST-00129-08,CUST-00129,2024-12-09,RENEWAL,Starter,49.0,61.4,0,Australia
TX-CUST-00216-09-CHURN,CUST-00216,2024-12-10,CHURN,Professional,0.0,13.9,7,USA
TX-CUST-00171-08,CUST-00171,2024-12-10,RENEWAL,Enterprise,899.0,61.6,1,Australia
TX-CUST-00036-07,CUST-00036,2024-12-11,RENEWAL,Professional,199.0,48.7,1,India
TX-CUST-00066-06,CUST-00066,2024-12-12,RENEWAL,Starter,49.0,62.9,0,Australia
TX-CUST-00164-09,CUST-00164,2024-12-14,RENEWAL,Professional,199.0,87.7,2,Australia
TX-CUST-00119-06,CUST-00119,2024-12-15,RENEWAL,Starter,49.0,93.7,2,USA
TX-CUST-00202-09,CUST-00202,2024-12-16,RENEWAL,Starter,49.0,91.1,2,Australia
TX-CUST-00074-07,CUST-00074,2024-12-17,RENEWAL,Professional,199.0,88.5,2,Germany
TX-CUST-00278-09,CUST-00278,2024-12-18,RENEWAL,Enterprise,899.0,76.1,0,Canada
TX-CUST-00206-07,CUST-00206,2024-12-18,RENEWAL,Enterprise,899.0,53.5,2,Germany
TX-CUST-00271-11,CUST-00271,2024-12-19,RENEWAL,Enterprise,899.0,87.0,2,Canada
TX-CUST-00284-05,CUST-00284,2024-12-20,RENEWAL,Enterprise,899.0,55.3,2,Australia
TX-CUST-00107-05,CUST-00107,2024-12-20,RENEWAL,Enterprise,899.0,90.5,2,Germany
TX-CUST-00082-06,CUST-00082,2024-12-20,RENEWAL,Professional,199.0,86.7,0,India
TX-CUST-00142-08,CUST-00142,2024-12-20,RENEWAL,Enterprise,899.0,74.2,0,UK
TX-CUST-00291-07,CUST-00291,2024-12-21,RENEWAL,Enterprise,899.0,76.4,2,India
TX-CUST-00013-05,CUST-00013,2024-12-22,RENEWAL,Starter,49.0,87.0,1,India
